id,count,avg,popularity,profit,ratio,title
432789,4,3.1,1.734671699951544,0.0,,The Incredible Jessica James
100529,3,2.4,1.4577870055693252,0.0,0.0,Lola Versus
5765,3,2.85,2.0057286645427213,0.0,-0.39990234375,Knight Moves
256476,2,3.5,0.8388691527066654,0.0,0.0,Walking with the Enemy
10192,2,3.0,2.468422191275752,1.5175895562644706,1.2001953125,Shrek Forever After
9993,2,2.95,1.402779481767253,0.0,1.2998046875,Little Fish
9993,2,2.95,1.402779481767253,0.0,0.7998046875,Little Fish
9993,2,2.95,1.402779481767253,0.0,0.35009765625,Little Fish
49706,2,3.25,1.1833547046224953,0.0,0.0,Dream Home
18203,2,3.4,0.9943522783432004,0.0,0.0,Big Night
18722,2,2.9,2.4807711938988763,0.0,0.0,Mr. Baseball
44297,2,3.6,1.6929912506268392,0.0,0.0,Besieged
18887,2,3.35,1.186807825374906,0.0,0.0,Darby O'Gill and the Little People
43938,2,2.8,0.772919544001465,0.0,0.0,Nice Guy Johnny
18983,2,3.4,2.0888124968065047,0.0,0.0,"Godzilla, King of the Monsters!"
9273,2,3.05,2.10479832390462,1.9572057933331664,0.0,Ace Ventura: When Nature Calls
19053,2,3.1,2.1328410664061668,3.903045456126685,0.0,Valley Girl
10247,2,3.25,1.4293643869232977,0.0,0.0,He Was a Quiet Man
265189,2,3.4,2.498619283733625,0.0,0.0,Force Majeure
265189,2,3.4,2.498619283733625,0.0,0.0,Force Majeure
9040,2,3.75,2.552733897755287,2.295896104843249,0.0,Serpico
268321,2,3.45,2.0299097213014172,0.0,0.0,Squatters
20391,2,3.15,2.3654539710530345,0.4599147194159446,0.0,Paint Your Wagon
7972,2,3.45,2.231085546706969,0.32871432486629576,0.0,Before the Devil Knows You're Dead
298032,2,2.25,2.06208694301496,0.0,0.0,VANish
7211,2,3.25,2.1901492729641814,1.0061732485281196,0.0,Dan in Real Life
300601,2,2.75,1.6300253297412413,0.0,0.0,It's Now or Never
39285,2,2.6,1.7568727772885977,0.0,0.0,Beauty & the Briefcase
204765,2,2.7,1.036582617732298,0.0,0.0,Prêt à tout
16378,2,3.25,0.9946792721668926,0.0,0.0,The Rutles: All You Need Is Cash
22627,2,3.4,1.0309920461234443,0.0,0.0,Pure Country
10596,2,2.5,2.260250809708022,0.0,0.0,Replicant
12568,2,3.1,2.404209749010143,-0.4151904210297663,-2.650390625,Brideshead Revisited
12568,2,3.1,2.404209749010143,-0.4151904210297663,-0.0999755859375,Brideshead Revisited
86240,2,2.9,1.6649903039770335,0.0,0.0,All Fall Down
87440,2,3.1,2.1454863886762494,0.0,0.0,Struck by Lightning
80919,2,2.3,1.4807985343700034,0.0,0.0,Game 6
78215,2,3.45,2.2588490651330955,0.0,0.0,Into the White
13515,2,3.0,2.153228337261884,0.7273614123937097,0.0,Mirrors
77883,2,2.9,1.9860201644642967,1.8088281455970512,0.0,The Possession
11694,2,3.25,1.697104408119942,0.0,0.0,Cat Ballou
13958,2,4.05,1.6820973073347911,0.0,0.0,The King of Kong
105875,2,3.0,0.7677317891044932,0.0,0.0,Cinderella
112090,2,2.3,2.424569335653094,0.0,0.0,Branded
11329,2,3.45,2.1759965145894715,0.2896069686498263,0.0,Runaway Jury
11291,2,3.45,1.0368021310483997,0.0,0.0,The Brothers Lionheart
11229,2,3.25,1.9584784079925184,0.0,0.0,Freeway
69225,2,3.05,2.2523191654212766,0.0,0.0,Switch
68430,2,2.8,1.97084329020766,-0.6013381493677762,0.0,Paradise
135718,2,3.55,1.085389586108862,0.0,0.0,OMG: Oh My God!
14726,2,2.95,0.7796243732318675,0.0,0.0,Espion(s)
156711,2,3.3,2.088934465958366,-0.8195710634909489,0.0,Austenland
159824,2,3.35,2.464722479713631,1.7775484653765383,0.0,Hotel Transylvania 2
15531,2,2.65,1.3077780712111184,0.0,0.0,Get Smart's Bruce and Lloyd Out of Control
60895,2,3.55,1.0933226565322922,0.0,0.0,Beyond the Blackboard
60695,2,2.75,1.037934040413803,0.0,0.0,Sundays at Tiffany's
10612,2,3.05,1.6736800771624485,0.0,0.0,The Englishman Who Went Up a Hill But Came Down a Mountain
22059,2,2.6,1.810701922759264,0.0,0.0,The Fantastic Four
251519,2,3.4,2.5110403373520107,0.0,0.0,Son of Batman
84577,2,1.85,0.8130847823597144,0.0,0.0,7 Below
433,2,3.7,2.715720045833653,2.835883569945429,0.0,Mary Poppins
25624,2,3.35,1.0646448727544615,-0.8262711133503591,0.0,Rosewood
26271,2,2.35,0.7603192620811261,0.0,0.0,Live Nude Girls
359746,2,3.55,0.7678593986917195,0.0,0.0,The Propaganda Game
912,2,3.45,2.2454662313130767,0.0,1.5498046875,The Thomas Crown Affair
1931,2,3.05,1.7241064140719309,1.7593306124455648,0.0,Stomp the Yard
2022,2,2.8,1.898272720231128,1.2312155382010603,0.0,Mr. Deeds
32195,2,3.05,1.6132364886995387,0.0,0.0,My Date with the President's Daughter
30250,2,3.05,2.530790610910376,0.0,0.0,Cold Souls
393764,2,3.3,1.708120037200415,0.0,0.0,The African Doctor
32872,2,1.95,0.9932743653476672,0.0,0.0,Til There Was You
34813,2,3.1,2.5493175846617904,-0.05847692975897584,0.0,The Losers
30163,2,3.35,1.1124195285118128,0.0,0.0,Fugitives
27813,2,3.1,1.8918648005616998,0.0,0.0,Basket Case
27814,2,3.4,1.5891711214306123,0.0,0.0,Brain Damage
79120,1,3.75,1.5533269263207456,4.103865758105737,0.0,Weekend
64158,1,3.6,2.071783292000504,0.0,0.0,Guns at Batasi
60555,1,3.0,0.8556456348481045,0.0,0.0,Ride in the Whirlwind
30793,1,2.9,2.20550475738798,0.0,0.0,House of Dracula
82825,1,3.65,1.1552874746611754,2.5902671654458267,0.0,Kahaani
30588,1,3.95,1.8666376328034413,0.0,0.0,Monsieur Verdoux
61667,1,3.35,1.9790210263255923,0.0,0.0,We Have a Pope
28520,1,2.85,1.1280820901854531,0.0,0.0,Uncertainty
64328,1,3.25,2.32379545445756,1.300398949088457,0.0,The Muppets
59722,1,1.9,2.01547072603367,0.0,0.0,2012: Ice Age
65215,1,3.5,1.850900952522408,0.0,0.0,Family Guy Presents Stewie Griffin: The Untold Story
65218,1,3.55,1.6479845522971737,0.0,0.0,Lemonade Mouth
30547,1,3.35,1.866110935544191,0.0,0.0,The Champ
82529,1,3.5,1.6600563091294294,0.0,0.0,Combat Girls
66599,1,2.7,2.09278992922702,0.0,0.199951171875,Love Field
30346,1,3.4,0.8142061777234008,0.0,0.0,The Body Snatcher
60170,1,3.35,2.2959176146790248,0.0,0.0,Christopher and His Kind
58235,1,3.05,1.294252534425951,0.0,0.0,Confessions of a Brazilian Call Girl
78478,1,2.9,1.0078743402649208,0.0,0.0,You Don't Choose Your Family
53182,1,3.05,2.557589803798841,1.1213223045436551,0.0,300: Rise of an Empire
50674,1,2.3,1.131280168572494,0.0,0.0,The Lost Future
50837,1,3.35,2.0366659474173336,0.0,0.0,Martha Marcy May Marlene
82881,1,3.55,2.297971165180716,0.0,0.0,Tangled Ever After
51985,1,2.6,1.5265674771713469,0.0,0.0,An All Dogs Christmas Carol
52077,1,2.85,2.12487393197375,0.0,0.0,Nothing to Declare
53010,1,2.8,1.4122210899242624,0.0,0.0,La Chance de ma vie
31056,1,3.95,1.2529235270337276,0.0,0.0,A Short Film About Love
53217,1,3.8,0.7558054977213057,0.0,0.0,"What's Opera, Doc?"
58043,1,2.85,1.008308953671101,0.0,0.0,My Piece of the Pie
53487,1,3.35,2.371255472486044,-0.7515410772946721,0.0,This Must Be the Place
54164,1,3.35,0.7536837985041529,0.0,0.0,Man of the East
56589,1,3.25,1.0716798445268163,0.0,0.0,The Seventh Company Outdoors
56909,1,3.0,1.3882399672003058,0.0,0.0,The Immature
31032,1,3.4,1.2121445246858331,0.0,0.0,The Death of Mr. Lazarescu
30874,1,2.85,1.452519272002615,0.0,1.5498046875,The New York Ripper
57361,1,3.65,1.5202223625847284,0.0,0.0,The Yellow Sea
67342,1,2.9,1.4331600556373172,0.0,0.0,Mr. Vampire
28635,1,1.9,2.1852690607745804,0.0,0.0,Wishmaster 3: Beyond the Gates of Hell
67911,1,2.2,1.2921968457407569,0.0,0.0,Bucky Larson: Born to Be a Star
76543,1,3.65,1.5148577461050867,0.0,0.0,Tyrannosaur
29291,1,2.75,1.0942759001109637,0.0,0.0,Klimt
75629,1,3.7,2.0496113888760576,0.0,0.0,Evangelion: 3.0 You Can (Not) Redo
29270,1,3.3,0.8720445481705377,0.0,0.0,A Time for Drunken Horses
75720,1,3.6,1.6843724571682797,0.0,0.0,One Life
76122,1,3.3,1.6023097674653781,0.0,0.0,Marvel One-Shot: The Consultant
80384,1,1.85,1.2496125826656266,0.0,0.0,Breaking Wind
79699,1,2.7,2.0444346379482856,0.0,0.0,A Warrior's Heart
76696,1,3.65,1.294590445919651,0.0,1.5498046875,Sidewalls
82474,1,3.45,1.2502629890062638,0.0,0.0,7th Heaven
77016,1,3.6,2.0085884589293976,1.9279204015806768,0.0,End of Watch
77197,1,2.6,1.7364250379788513,0.0,0.0,True Women
29259,1,4.1,1.7627710009818198,0.0,0.0,Le Trou
77950,1,3.05,2.1949723763678946,0.7386539426227348,0.0,Turbo
29143,1,2.85,1.3098759527319792,1.0498221244986776,0.0,Eyes of Laura Mars
78133,1,3.5,1.5036148453714209,-1.9523496716809263,0.0,A Home of Our Own
28978,1,4.0,1.9043159814861697,0.0,0.0,The Circus
75258,1,3.25,2.2322248585208406,0.0,0.0,Secret of the Wings
74998,1,2.9,2.3273749691468466,-0.31908791746631004,0.0,Seeking Justice
29427,1,3.1,2.3900973112084345,1.0108031389970054,0.0,The Crazies
74406,1,3.35,0.7559712641389588,0.0,0.0,Queen: Days of Our Lives
82424,1,3.4,2.2883014659596816,0.0,0.0,Small Fry
68730,1,3.5,2.6510832983346098,-0.6615843514201437,0.0,Silence
68924,1,3.45,1.966602016714403,-0.8061838729454756,0.0,The Ice Storm
28696,1,3.45,2.489453878786988,0.0,0.0,The Wild One
31329,1,2.8,0.846635355264855,0.0,0.0,By the Pricking of My Thumbs
70667,1,3.5,2.0580544597981882,0.0,0.0,Kon-Tiki
29973,1,3.05,0.9490920385021746,0.0,0.0,Cobb
70954,1,3.35,2.3287776532709654,0.0,0.0,The Hunter
71282,1,2.95,1.6624359728818991,0.0,0.0,China Seas
72477,1,2.85,1.8072945065701804,0.0,0.0,Texas Killing Fields
29918,1,3.05,1.2934501882196223,0.0,0.0,Lassie
29483,1,3.0,1.139162566276668,0.0,0.0,Beautiful Kate
73211,1,3.6,1.4274120719117789,0.0,0.0,King of Devil's Island
73262,1,2.85,1.5642175090800663,0.0,0.0,Hell
73562,1,3.5,1.5617043798328647,0.0,0.0,Declaration of War
31325,1,2.85,1.0026724439997992,0.0,0.0,The Singer
36691,1,2.9,1.7629559350331148,-1.093668131182721,0.0,Solitary Man
50619,1,2.9,3.2570382859625497,1.8678388872808347,0.0,The Twilight Saga: Breaking Dawn - Part 1
41439,1,2.9,2.811007130459438,1.918028133221365,0.0,Saw: The Final Chapter
39514,1,3.3,2.5333130101554446,0.2115589425837297,0.0,RED
39845,1,3.0,1.558803769179755,0.0,0.0,Love Ranch
40085,1,3.25,2.4979883763304853,0.0,0.0,"The Long, Hot Summer"
34067,1,3.2,1.279641343874972,0.0,0.0,Pokémon: Lucario and the Mystery of Mew
34038,1,2.9,0.9940403508898898,0.0,0.0,Magical Mystery Tour
40577,1,3.05,1.8382689393527991,0.0,0.0,Island in the Sky
40751,1,3.55,1.6517292908808443,0.0,0.0,Ashes of Time
41154,1,3.15,2.3687833297912744,1.0200928755007992,0.0,Men in Black 3
33809,1,3.05,0.8825585451657627,0.0,0.0,Everyone Else
39413,1,3.6,1.5539554346049866,0.0,0.0,My Afternoons with Margueritte
41496,1,3.0,1.650521120835039,0.0,0.0,A Dog Year
33623,1,3.2,1.4602088681318672,0.0,0.0,Innocence
41759,1,2.75,1.5516594240347104,0.7712369054804743,0.0,Man's Best Friend
41769,1,2.2,0.7842603835473249,0.0,-2.650390625,Prom Night IV: Deliver Us from Evil
41769,1,2.2,0.7842603835473249,0.0,-0.0999755859375,Prom Night IV: Deliver Us from Evil
42002,1,3.3,1.1903868315285742,0.0,0.0,Anguish
42090,1,3.15,0.8246871541251228,0.0,0.0,After the Rehearsal
42264,1,3.45,1.236656234392644,0.0,0.0,Smile
39435,1,3.1,1.4619962765565198,0.0,0.0,Cowboy
39341,1,2.45,1.2435299032028877,0.0,0.0,Big Bad Wolf
50590,1,3.0,1.5312666192383035,0.0,0.0,Norman
38541,1,2.85,2.002372709734487,-4.915325114291932,0.0,The Divide
36912,1,2.25,1.2973934728549117,0.0,0.0,The Sting II
37206,1,3.15,1.911095520553309,0.0,0.0,A Shine of Rainbows
37626,1,2.85,1.834886485144172,0.0,0.0,St. Ives
35712,1,3.05,1.326653427198836,0.0,0.0,Secret Things
37924,1,3.15,1.385462765440032,0.0,0.0,Sweeney Todd
37997,1,3.0,0.7941651309148531,0.0,0.0,Permanent Vacation
38410,1,2.8,1.7978290122289802,0.0,0.0,The Poughkeepsie Tapes
38517,1,3.1,1.8810704778146967,0.0,0.0,The Brooke Ellison Story
35371,1,3.25,2.044210140629076,0.0,0.0,Thrashin'
35052,1,3.3,2.058769464021209,0.0,0.0,Cracks
38579,1,2.5,2.5084233680334957,0.51595457617356,0.0,Marmaduke
38602,1,3.5,1.9201012314854613,0.0,0.0,Little Lord Fauntleroy
38718,1,3.3,2.0706216354059808,0.0,0.0,Reversal of Fortune
38778,1,2.75,2.4530476658222886,0.22474061735403825,0.0,Dinner for Schmucks
39074,1,3.1,1.432103419539131,0.0,0.0,The Bedroom Window
39100,1,3.05,1.828322165803544,0.0,0.0,Dragon Ball Z: The World's Strongest
35188,1,2.9,1.1503226294130708,0.0,0.0,The Disorderly Orderly
39106,1,2.95,1.4473894604797015,0.0,0.0,Dragon Ball Z: Bio-Broly
42571,1,3.15,0.8679690179647647,0.09588615960233464,0.0,The Double Hour
42688,1,3.0,0.9630792750886537,0.0,0.0,Wild in the Streets
42700,1,3.3,2.490009110068759,0.0,0.0,The Night of the Generals
49517,1,3.3,2.0449454598578503,0.0,0.0,Tinker Tailor Soldier Spy
47359,1,2.9,2.392607773122561,-0.3978844143117117,0.0,Racing with the Moon
47837,1,3.25,1.197127327421346,0.0,0.0,The Fugitive Kind
31642,1,3.2,1.4328298425442785,0.0,0.0,Heaven & Earth
47945,1,1.95,0.8121614579270732,0.0,0.0,Daybreak
48492,1,3.25,1.9706696583627528,1.3809587095063292,0.0,Detective Dee and the Mystery of the Phantom Flame
48748,1,3.3,0.9249657944727712,0.0,0.0,Klown
49299,1,2.7,0.9936109677513868,0.0,0.0,Dangerous Game
49444,1,3.35,2.440773711387339,1.4901922291299718,0.0,Kung Fu Panda 2
49521,1,3.25,2.919867667113598,1.0804415563067835,0.0,Man of Steel
33365,1,3.15,1.447136135827518,0.0,0.0,The Night Before the Exams
31618,1,2.8,1.0341843391950445,0.0,-0.5498046875,Betrayed
31473,1,2.85,1.1857027180885693,0.0,0.0,An American Tail: The Treasure of Manhattan Island
31385,1,1.75,1.686945470869107,0.0,0.0,Zombie Nightmare
31359,1,3.2,1.399455127066356,1.2236817591945262,0.0,Would I Lie to You? 2
49792,1,2.85,1.8312557854249687,0.0,0.0,Queens Logic
50135,1,2.75,2.10329831725087,0.0,0.0,Animals United
36897,1,3.05,1.5227327431035744,0.0,0.0,Pokémon: Mewtwo Returns
50363,1,3.3,0.9466756005958062,0.0,0.0,Summertime
45269,1,3.8,2.4212909915703067,3.3183266301359384,0.0,The King's Speech
45156,1,3.1,1.9705845036392875,0.0,0.0,A Little Bit of Heaven
44833,1,2.75,2.5731438446003216,0.3714826589184931,0.0,Battleship
44708,1,3.6,0.8709744866549399,0.0,0.0,Blue Gate Crossing
42889,1,2.3,0.8042716526586279,-1.2663696205516466,0.0,The Virginity Hit
32636,1,3.05,1.95158629493069,0.0,0.0,Vanya on 42nd Street
32450,1,3.05,1.637432773910979,0.0,0.0,Brain Donors
42941,1,2.4,1.9906405187743041,0.0,0.0,30 Days of Night: Dark Days
43641,1,3.55,1.2715378970216764,0.0,0.0,Superman/Shazam!: The Return of Black Adam
32173,1,2.75,1.27078081073252,0.0,0.0,Bunshinsaba: Ouija Board
43656,1,2.9,0.8783815742557716,0.0,,13 Moons
43865,1,3.35,1.260273266897593,0.0,0.0,Stella Dallas
32042,1,3.3,1.4189147341031974,0.0,0.0,Night Moves
43935,1,2.25,2.5466268281259183,-1.4622984682634348,0.0,Dylan Dog: Dead of Night
83090,1,2.9,1.271251287087979,0.0,0.0,Saint Seiya: Evil Goddess Eris
31656,1,3.1,1.122516948628905,0.0,0.0,Thieves Like Us
44048,1,3.15,2.541370391843811,0.5176351820079217,0.0,Unstoppable
31644,1,3.3,1.3742048263006148,0.0,0.0,Dollars
44564,1,2.6,2.0166437712229417,-0.042122482645619984,0.0,The Dilemma
44593,1,2.4,1.39931373999978,0.0,0.0,Perfect Opposites
44629,1,3.35,2.2668866174724736,-1.6094379124341005,0.0,Animal Kingdom
50318,1,2.7,1.4775472302506438,-1.483404559986935,0.0,Go Go Tales
16,1,3.85,2.3688227323124136,1.1402309407724267,0.0,Dancer in the Dark
83900,1,2.8,0.8430101096797404,0.0,0.0,Livid
305642,1,2.85,1.3403690019751089,0.0,0.0,Ithaca
307103,1,3.5,1.6346490247266074,0.0,1.150390625,Serial Killer 1
308361,1,2.7,1.8202878054467282,0.0,0.0,"Stockholm, Pennsylvania"
312827,1,2.8,1.5264620907174942,0.0,0.0,The Nightmare
316268,1,1.7,1.183174613620923,0.0,0.0,Lake Eerie
316715,1,3.15,1.3311864318341728,0.0,0.0,The Eichmann Show
317442,1,3.65,1.666590348478404,0.0,0.0,The Last: Naruto the Movie
319076,1,3.55,0.9379567200738196,0.0,0.0,Listen to Me Marlon
319373,1,3.5,1.4861288363021323,0.0,0.0,Sweet Bean
319998,1,2.45,0.7828228800880134,0.0,0.0,Sworn Virgin
321160,1,2.75,1.885899874203417,0.0,0.0,With This Ring
321594,1,3.7,0.9225228716856388,0.0,0.0,Louis C.K.: Live at The Comedy Store
321741,1,3.5,2.046373651032904,0.363924402996363,0.0,Concussion
323262,1,2.4,1.9737003980368124,0.0,0.0,Holidays
323660,1,2.0,2.3299197732234562,0.0,0.0,Avengers Grimm
328252,1,2.35,0.8845474012871041,0.0,0.0,Sweet Home
328425,1,3.35,2.150116198173256,2.4677376524419787,0.0,The Gift
328720,1,2.95,1.474592056280794,0.0,0.0,Ma che bella sorpresa
329263,1,3.3,2.2215027951338384,0.0,0.0,Fuck You Goethe 2
329833,1,2.35,2.317976928603497,0.1127749606011993,0.0,Zoolander 2
331214,1,4.1,2.067334926465608,0.0,0.0,Band of Brothers
333596,1,3.4,1.168326766401304,0.18191154219389985,0.0,Woodlawn
306650,1,3.15,1.7150992428426324,0.0,0.0,Kajaki
302156,1,2.9,2.306435769613544,-0.7615486623264245,0.0,Criminal
258099,1,3.15,1.8761686300547933,0.0,0.0,Just Before I Go
301272,1,2.95,1.3315020575965566,0.0,0.0,Andiamo a quel paese
261392,1,3.0,2.2549512000852765,-0.031213394610568438,0.0,American Ultra
262841,1,3.0,2.6947079207537525,-0.6617428590362457,0.0,Monster Trucks
265016,1,2.4,2.3473344373699785,0.0,0.0,Extraterrestrial
267999,1,3.3,1.8426846542049824,-2.0530368700004757,0.0,White God
275060,1,3.3,2.127870807399923,0.0,0.0,The Disappearance of Eleanor Rigby: Her
277967,1,3.55,1.6751599204746914,0.0,0.0,Life Eternal
278236,1,3.25,2.5427542427561143,0.0,0.0,X+Y
279096,1,2.85,1.6334973490010791,0.0,0.0,Lazer Team
279641,1,3.0,2.098705298321104,-0.4162371762092095,0.0,Whiskey Tango Foxtrot
282297,1,3.95,1.8267721422685883,0.0,0.0,Cowspiracy: The Sustainability Secret
282376,1,3.8,1.195029431320502,0.0,0.0,Corn Island
284470,1,3.35,1.520534346383341,0.0,0.0,Atari: Game Over
286971,1,2.15,1.668518755001022,0.0,0.0,Innocence
287587,1,2.65,1.7516635999039676,0.0,0.0,Adult Beginners
290098,1,4.05,2.8170483923880454,-1.4641372743728784,0.0,The Handmaiden
291151,1,2.3,1.4469291005322011,0.0,0.0,The Stranger
294308,1,2.35,1.120164691403512,0.0,0.0,Don't Blink
296313,1,3.3,2.430939520730554,0.0,0.0,Men & Chicken
297239,1,2.75,1.8918666100442931,0.0,0.0,Boy 7
299939,1,2.1,0.8358222669121791,0.0,0.0,Debug
300803,1,2.25,2.453896775250099,0.0,0.0,Dragonheart 3: The Sorcerer's Curse
335778,1,2.85,2.17017318779529,0.8344203283149231,0.0,Risen
335970,1,2.15,1.5316067408442449,0.0,0.0,Joe Dirt 2: Beautiful Loser
337154,1,3.0,1.706616890401408,0.2878112828537573,0.0,The Meddler
337674,1,3.3,2.107307771551873,-1.432054572483829,0.0,Elle
378018,1,2.9,2.206381854531521,0.0,0.0,The Void
382322,1,3.1,1.8699970101064256,0.07563741420561998,0.0,Batman: The Killing Joke
382509,1,3.05,1.5031220516905557,0.0,2.650390625,Cezanne and I
388399,1,3.4,2.67744933409973,0.11626389716440425,0.0,Patriots Day
390669,1,3.55,1.6613511945895096,0.0,0.0,One Kiss
392788,1,3.0,0.9258611886040856,0.0,0.0,The Stopover
398535,1,3.7,1.4340947499089514,0.9129406449888732,0.0,Udta Punjab
399612,1,2.9,1.2510205942998114,0.0,0.0,Realive
403429,1,3.8,1.211730832849394,0.0,0.0,Two Lottery Tickets
403434,1,2.35,0.8521177972350289,0.0,0.0,Level Up
403605,1,3.2,1.4975626663723631,0.0,0.0,Headshot
408024,1,3.05,0.8773278414817292,0.0,,Moka
408439,1,3.05,2.2437250321737405,0.0,0.0,Hounds of Love
417678,1,3.65,2.4938703554727244,0.0,0.0,"Everything, Everything"
421281,1,3.9,1.3173300606533551,0.0,0.0,Borrowed Time
424600,1,3.25,1.1045290831985832,0.0,0.0,The Immortal Life of Henrietta Lacks
424998,1,3.1,1.3015060567268133,0.0,0.0,The Case for Christ
426272,1,3.0,2.221625331621942,0.0,,Take Me
428687,1,2.85,0.9111065170241828,0.0,0.0,Deidra & Laney Rob a Train
430988,1,2.5,2.2337115358174304,0.0,0.0,Vamps
435366,1,3.9,0.8578850463965836,0.0,0.0,Fabricated City
377462,1,4.25,1.2656112179640926,0.0,0.0,O.J.: Made in America
377276,1,2.9,0.8031668255984948,0.0,0.0,Struggle for Life
377154,1,3.5,1.5911407353788392,0.0,0.0,Being 17
353378,1,2.4,0.7943721064427693,0.0,0.0,Big Stone Gap
338387,1,3.45,0.971006542764702,0.0,0.0,Youth in Oregon
339148,1,2.85,0.8442068022713032,0.0,0.0,Already Tomorrow in Hong Kong
340666,1,3.6,2.9396264702310435,0.26246607125081656,0.0,Nocturnal Animals
341006,1,3.05,2.7312761777320533,0.0,0.0,The Belko Experiment
343284,1,2.7,1.5456969398367908,0.0,0.0,Night Of The Living Deb
347031,1,3.4,2.21884233189088,0.3389581916918395,0.0,Swiss Army Man
347881,1,3.15,1.614444757241417,0.0,0.0,The Confirmation
348537,1,2.65,1.5976982717204014,0.0,0.0,Spanish Affair 2
352695,1,2.7,0.9854383647182832,0.0,0.0,Joshy
355111,1,3.1,1.5782796978142202,0.0,0.0,Barbie in Rock 'N Royals
376424,1,3.0,0.8027573536189796,0.0,0.0,Beware the Slenderman
356305,1,3.15,2.6763138209913304,1.133388871719632,0.0,Why Him?
358881,1,3.25,1.2320102557251704,0.0,0.0,Made in France
361745,1,3.45,0.7942243357130804,0.0,0.0,Autumn Dreams
362057,1,2.35,1.5744088978246782,0.0,0.0,Martyrs
366924,1,3.4,2.043089360352374,0.0,0.0,Batman: Bad Blood
367999,1,3.3,0.8600035149025749,0.0,0.0,The Last Will Be the Last
374416,1,3.4,1.6460089644876177,0.0,0.0,Quo vado?
374430,1,4.15,3.215300721796192,0.0,0.0,Black Mirror: White Christmas
376233,1,3.95,0.8735289404972361,0.0,0.0,"Life, Animated"
259611,1,3.1,1.5016711708018018,0.0,0.0,Frontera
255709,1,4.05,0.9474443781804004,0.0,0.0,Hope
85446,1,3.35,2.0617825351860084,1.4484916921047435,0.0,Step Up Revolution
111440,1,2.75,2.342129888242436,0.0,0.0,The Pact
114958,1,1.95,1.3010585886293469,0.0,0.0,Storage 24
116979,1,3.15,1.5277539920407888,0.0,0.0,Chained
119360,1,3.1,1.4873134413701692,0.0,0.0,Me and You
120143,1,3.25,1.8952094609968289,0.0,0.0,The Four
121873,1,3.55,1.6732951390432504,0.0,0.0,Hannah Arendt
122857,1,2.55,2.55624132156343,-2.1042282978320084,0.0,Universal Soldier: Day of Reckoning
124071,1,3.4,1.0912126453771918,0.0,0.0,How to Make Money Selling Drugs
127560,1,3.35,1.808193848641477,0.21462842251014244,0.0,The Railway Man
127884,1,2.5,2.1481445044806584,0.0,0.0,Come Out and Play
131673,1,2.2,0.8204294002135458,0.0,0.0,It's in the Blood
135579,1,2.15,0.9718355556887576,0.0,0.0,Dead Before Dawn 3D
149085,1,2.95,1.1520639521004747,0.0,0.0,Tai Chi Hero
149763,1,3.15,0.8631076529681369,0.0,0.0,Men Do what Men Can
152780,1,3.55,2.215561534112035,-0.034050747757841435,0.0,The Past
154073,1,3.65,0.7499149625576541,0.0,0.0,Kid Blue
157834,1,2.95,2.3970416358267097,-2.4005144645943632,0.0,The Zero Theorem
158483,1,3.65,0.7636904495593092,0.0,0.0,Mei and the Kittenbus
158752,1,2.4,1.462941232539511,0.0,0.0,Escape from Tomorrow
158916,1,3.0,1.7578339517479546,-7.037701270112578,0.0,Sweetwater
160704,1,3.25,2.0087165906516664,1.69388546860504,0.0,The Berlin File
164331,1,1.95,2.399025361280502,0.0,0.0,Spiders
112949,1,3.45,2.0279405941549182,1.2486129404577042,0.0,Safe Haven
110160,1,3.85,2.1511783118978407,-6.6535211405978965,0.0,Laurence Anyways
252178,1,3.35,1.957351588304232,0.0,0.0,'71
105077,1,3.3,1.823091294204685,0.0,0.0,Battlestar Galactica: The Plan
85739,1,3.35,2.1795405774964447,0.0,0.0,A.C.A.B.: All Cops Are Bastards
86593,1,3.35,1.3557856678746996,0.0,0.0,Wild Bill
88318,1,2.4,1.2735575406263482,0.0,0.0,Secrets of Eden
89708,1,4.0,2.2503626302211157,0.0,0.0,Samsara
90125,1,3.75,1.762216851855535,0.0,1.2998046875,Marley
90125,1,3.75,1.762216851855535,0.0,0.35009765625,Marley
90125,1,3.75,1.762216851855535,0.0,0.7998046875,Marley
94047,1,3.8,1.7478354461661054,0.0,0.0,My Way
97630,1,3.35,2.2668856847630536,1.2001207647385057,0.0,Zero Dark Thirty
97690,1,3.45,1.420661970840314,0.0,0.0,We Are Legion: The Story of the Hacktivists
97795,1,2.5,1.9709225711283576,0.0,0.0,Emergo
98339,1,2.6,2.444195760206474,-8.468006280564357,0.0,The Samaritan
99223,1,2.45,0.8159513668917057,0.0,0.0,FDR: American Badass!
28296,1,2.95,1.60986502121016,0.0,0.0,Queen Bee
102001,1,3.65,1.1037079503704343,0.0,1.2998046875,Like Someone in Love
102001,1,3.65,1.1037079503704343,0.0,0.7998046875,Like Someone in Love
102001,1,3.65,1.1037079503704343,0.0,0.35009765625,Like Someone in Love
102784,1,3.55,0.8395172411493488,-0.21045193172372667,0.0,Two Rabbits
103328,1,3.5,1.99366712661,0.0,1.150390625,Holy Motors
103332,1,3.5,2.040286776351949,0.0,1.2998046875,Ruby Sparks
103689,1,2.9,0.9726574546316265,0.0,0.0,Post Tenebras Lux
167581,1,3.65,1.7899494988861968,0.0,0.0,Free Fall
168138,1,2.8,1.7853427594423816,0.0,0.0,The Last Days
169758,1,2.2,1.2256237224797335,0.0,0.0,The Stranger Within
172226,1,2.75,1.7198271030853307,0.0,0.0,In Secret
214210,1,3.2,0.9439004514214738,0.0,0.0,Eastern Boys
222911,1,2.1,1.1192096980805075,0.0,0.0,The Monkey's Paw
225728,1,3.2,2.5252057876425287,-0.17421799948470387,0.0,Macbeth
227262,1,3.0,1.56281013861255,0.0,0.0,Frau Ella
228970,1,3.5,2.416730765904344,1.2527923204455476,0.0,Wild
229138,1,2.15,1.2949865859973309,0.0,0.0,Djinn
230266,1,2.9,1.3328176321413876,-0.0953101798043249,0.0,Miss Julie
234200,1,3.85,2.209577629901394,0.0,0.0,Pride
241239,1,3.25,2.844194477171745,-0.5102366305898647,0.0,A Most Violent Year
241254,1,2.3,2.786213297258412,2.6953281362445707,0.0,The Prince
242022,1,3.05,1.8495093747689588,0.0,0.0,The Inbetweeners 2
243684,1,3.2,1.914822614612202,0.0,0.0,"Men, Women & Children"
245685,1,2.45,1.0903038691405076,0.0,0.0,Postman Pat: The Movie
245916,1,3.3,2.6044694340851264,-0.7130046413594541,0.0,Kill the Messenger
246127,1,2.65,1.7445111408187417,0.0,0.0,Every Thing Will Be Fine
247218,1,3.0,1.4827311787566757,0.0,0.0,Un boss in salotto
248574,1,2.75,2.398792234044695,0.0,0.0,Barely Lethal
248611,1,3.0,2.34898153735796,0.0,0.0,Mea Culpa
249397,1,3.3,2.26115426734039,0.0,0.0,Nymphomaniac: Vol. II
250124,1,3.4,2.707160071721239,-0.3031328229154785,0.0,The Diary of a Teenage Girl
250657,1,3.7,1.8137172887679758,0.0,0.0,Fed Up
214075,1,3.25,1.2096180399565355,0.0,0.0,Words and Pictures
213927,1,2.6,0.9686641826826587,0.0,0.0,Born to Race: Fast Track
213681,1,2.8,2.2443825106704653,0.15529288440603525,0.0,Masterminds
191824,1,2.3,1.8901384203817504,0.0,0.0,Rushlights
172391,1,2.9,1.6524336067562324,0.307020437583193,0.0,Khumba
172897,1,2.5,1.5827016630398345,0.0,0.0,Some Girl(s)
178682,1,3.2,1.8385749866525385,0.0,0.0,The Wizards Return: Alex vs. Alex
179053,1,2.4,0.8137019270301167,0.0,0.0,App
179144,1,3.65,2.1012194227595287,-0.3929129668811721,0.0,The Great Beauty
183662,1,2.9,1.8934599451043912,0.0,0.0,Crush
184314,1,3.15,2.4708941821172568,0.0,0.0,Young & Beautiful
187541,1,3.15,0.9660628899202128,0.0,0.0,Call Me Crazy: A Five Film
191720,1,4.05,1.822033226184544,0.0,0.0,Jodorowsky's Dune
192040,1,4.4,1.5043300315280943,0.0,0.0,Planet Earth
212756,1,2.3,1.0876221173682066,0.0,0.0,Stay
192102,1,3.0,2.8826262274610386,0.6304735670197567,0.199951171875,3 Days to Kill
193687,1,2.8,1.6688156395532836,0.0,0.0,Z for Zachariah
198184,1,3.3,3.4080526637631245,0.7564050478266238,0.0,Chappie
201085,1,3.2,2.6021476126235297,0.3058767499352645,0.0,Crimson Peak
204349,1,2.5,1.976855368417114,0.0,0.0,Contracted
206487,1,3.65,2.353677747254712,-0.6061358035703156,0.0,Predestination
207774,1,2.55,1.5555201244425605,0.0,0.0,The Borderlands
209112,1,2.85,3.4479498839063054,1.2507726393895389,0.0,Batman v Superman: Dawn of Justice
209406,1,3.0,1.7486503125342114,0.0,0.0,The Right Kind of Wrong
28324,1,2.4,1.6070719156699027,0.0,0.0,Emmanuelle and the Last Cannibals
26280,1,3.85,1.896425143539536,0.0,0.0,I Killed My Mother
28170,1,3.0,0.8820048304835152,0.0,0.0,The Gore Gore Girls
9793,1,2.6,1.7154743595987467,0.0,0.0,The Hills Have Eyes 2
9812,1,3.5,1.4612455134115945,0.0,0.0,Thursday
9825,1,2.75,2.62373395262512,0.7449383750487399,0.0,Lake Placid
9842,1,2.8,2.37263033054953,-0.11610868191926026,0.0,School for Scoundrels
9867,1,3.25,1.5162406787859926,0.0,0.0,The Go-Getter
9927,1,2.8,2.26233678804912,0.0,0.0,The Ringer
9964,1,3.2,2.0027763217842898,0.0,0.0,Bad Taste
9967,1,3.1,2.301291456607194,0.0,0.0,Uncommon Valor
9982,1,2.8,2.9223337650560177,0.7401346573723805,0.0,Chicken Little
10029,1,3.1,2.344906091446316,-1.108823041428119,0.0,Very Bad Things
10035,1,2.8,1.6363791169968211,0.0,0.0,100 Girls
10056,1,3.1,1.809441221607193,0.0,0.0,Killer's Kiss
10110,1,3.65,2.324435230552864,-0.4535142269195443,0.0,Empire of the Sun
10116,1,3.2,1.4860473841366817,0.0,0.0,Shinobi: Heart Under Blade
10141,1,3.5,1.915191703258444,0.0,0.0,Dirty Rotten Scoundrels
10200,1,2.6,2.2262786135856407,1.0694145661044514,0.0,The Day the Earth Stood Still
10220,1,3.45,2.1728697243653117,0.6471860484031224,0.0,Rounders
10236,1,3.55,2.593611267697816,0.0,0.0,The Way We Were
10312,1,3.5,2.5274719239130023,1.3976936516248175,0.0,Patch Adams
10322,1,3.85,2.5112755801495563,0.0,0.0,Being There
10354,1,3.15,2.4510607000147804,0.0,0.0,True Crime
10410,1,3.05,1.6149272185874677,0.0,0.0,Hoffa
9801,1,3.05,2.052605915725748,-0.218080888246756,0.0,Bridget Jones: The Edge of Reason
9767,1,2.8,1.8448566938879032,1.3717647288484909,0.0,The Break-Up
10448,1,3.1,1.9713475713141024,-4.182946294064973,0.0,Rapa Nui
9739,1,3.2,2.453253946865715,1.0262036150284013,0.0,Demolition Man
9092,1,3.0,1.522608191671252,0.0,0.7998046875,Snow White: A Tale of Terror
9092,1,3.0,1.522608191671252,0.0,0.35009765625,Snow White: A Tale of Terror
9272,1,3.1,2.063540030126989,0.9612973440680264,0.0,The Good Son
9290,1,2.35,1.8931699437351663,0.6231070029873045,0.0,Crocodile Dundee in Los Angeles
9294,1,3.1,1.718470238736964,1.5583839446688068,0.0,Phenomenon
9299,1,3.6,1.9616305056314447,0.0,0.0,Thesis
9316,1,3.5,2.066756424705711,0.0,0.0,Ong-Bak: The Thai Warrior
9325,1,3.55,3.1287518852409884,3.9408223543094345,0.0,The Jungle Book
9396,1,2.75,2.191493184236172,0.0,0.0,Crocodile Dundee II
9445,1,3.1,2.731292266222136,0.0,0.0,Apt Pupil
9502,1,3.45,2.8271681083838653,1.5809506847744592,0.0,Kung Fu Panda
9503,1,3.25,1.9864990192613496,0.0,1.0,Pope Joan
9548,1,3.1,1.344156136164952,-0.8751395344042805,0.0,The Adventures of Ford Fairlane
9557,1,2.35,1.8741557128541224,-0.8455555124905806,0.0,Boat Trip
9568,1,2.55,1.1120114509378711,0.0,0.0,The Dentist
9594,1,2.65,1.887168280531769,0.6965652323596405,0.0,Double Impact
9618,1,3.05,2.0158706855367745,0.1422665344894418,0.0,Tango & Cash
9636,1,3.0,2.0196117835630343,0.0,0.0,Control
9651,1,2.35,2.4792804356189917,-0.8953376461609361,0.0,Supergirl
9676,1,2.85,1.8728127430306685,-0.017935850009646825,0.0,The Black Dahlia
9715,1,2.9,1.8786677853515408,0.0,0.0,Hope Floats
10440,1,3.55,2.190468920296435,-0.17916317196870032,0.0,Manhattan Murder Mystery
10466,1,3.1,1.953717308010538,1.7047417467637471,0.0,The Money Pit
27902,1,2.4,1.8883368760639625,0.0,0.0,Love Wrecked
11209,1,3.25,1.5556488746894217,-0.4180438903150245,0.0,The Alamo
11228,1,2.9,2.484556505161191,0.6882129585336473,0.7998046875,Daylight
11228,1,2.9,2.484556505161191,0.6882129585336473,0.35009765625,Daylight
11228,1,2.9,2.484556505161191,0.6882129585336473,1.2998046875,Daylight
11240,1,3.3,1.0271173610763191,1.0475413277837682,0.0,My Beautiful Laundrette
11243,1,2.7,1.0472038999381612,0.0,0.0,The Care Bears Movie
11282,1,3.3,2.121555301511912,0.9781969582283312,1.5,Harold & Kumar Go to White Castle
11330,1,3.55,1.4367253213041542,0.0,0.0,Pusher III: I'm the Angel of Death
11361,1,2.65,1.884855836720844,0.8452031537345648,0.300048828125,Halloween 5: The Revenge of Michael Myers
11371,1,3.35,2.6907000200997406,0.04415596946775315,0.0,The Score
11422,1,3.15,2.3829253256334093,0.0,0.0,Midway
11465,1,3.0,1.2816338781597685,0.0,0.7998046875,Great Balls of Fire!
11465,1,3.0,1.2816338781597685,0.0,0.35009765625,Great Balls of Fire!
11465,1,3.0,1.2816338781597685,0.0,1.2998046875,Great Balls of Fire!
11548,1,3.15,2.4416662819700496,0.0,0.0,Batteries not Included
11583,1,3.3,1.6852514435805526,0.0,-0.60009765625,The First Great Train Robbery
11620,1,3.5,2.471566818563117,1.2909841813155658,0.0,Quo Vadis
11659,1,4.0,1.7984041775096238,0.0,0.0,The Best of Youth
11675,1,2.85,2.1539769581804906,1.1748784261052119,0.0,Halloween: H20
11824,1,3.0,2.392431007217922,0.0,0.0,Teen Wolf
11842,1,3.45,1.7334617006876214,0.0,0.0,Red Sun
11878,1,4.0,2.333471945025789,0.0,0.0,Yojimbo
11217,1,2.55,1.883446426414925,-0.5302973058305851,0.0,Club Dread
11198,1,3.15,2.0902643878204152,0.0,0.0,City Hunter
10514,1,3.5,2.4052547615679245,0.6440024266079094,0.0,The Andromeda Strain
11194,1,3.8,2.0273613588293804,0.0,0.0,Touching the Void
10525,1,3.05,2.787276883610065,0.0,0.0,Forget Paris
10549,1,3.65,2.301993718166417,0.0,0.0,Hamlet
10652,1,3.25,2.51556622136515,0.0,0.0,Hamburger Hill
10692,1,3.4,2.309825617020965,0.0,0.60009765625,Henry: Portrait of a Serial Killer
10744,1,3.35,2.36972426076673,0.0,0.0,The Cooler
10759,1,2.45,1.2014594484916263,0.0,0.0,The Comebacks
10779,1,3.35,2.492458065940834,-0.02159088126964712,0.0,The Frighteners
10805,1,2.35,1.5811766999587034,1.0816922209839746,0.0,Staying Alive
10808,1,2.45,2.0677083512265657,0.9225814409509412,0.300048828125,Dr. Dolittle 2
10836,1,3.2,1.7916969672748486,0.0,0.0,Dagon
10849,1,3.65,1.8137976676673024,-0.34424461679839946,0.0,The Purple Rose of Cairo
10868,1,3.4,2.5671716555576984,0.0,0.0,The Accused
10873,1,3.3,2.540929089950395,0.03428269986281498,0.0,Shadow of the Vampire
10874,1,3.25,1.9318725093814648,0.0,0.0,Muppet Treasure Island
10949,1,3.75,1.8019828651058063,0.0,0.0,Oliver Twist
10957,1,3.25,2.283064295979981,-0.16069978514466496,0.0,The Black Cauldron
11001,1,3.05,1.829283872666308,0.5942486472320638,0.0,Blue Streak
11006,1,3.4,2.0391038048878785,0.0,0.0,Smokey and the Bandit
11017,1,3.1,1.8928281882882096,0.9741344175283976,0.0,Billy Madison
11074,1,2.7,2.5945766413014044,0.0,0.0,Striking Distance
11086,1,3.3,2.0873705240532647,-0.6572021792614166,0.0,The Majestic
9092,1,3.0,1.522608191671252,0.0,1.2998046875,Snow White: A Tale of Terror
9060,1,3.2,1.2185435337879138,0.0,0.0,Dumplings
8983,1,3.15,0.7999667812353236,0.0,0.0,Felidae
1050,1,3.4,1.472319293399545,0.0,0.0,Shower
1413,1,3.3,1.8744104646673845,0.0,1.849609375,M. Butterfly
1413,1,3.3,1.8744104646673845,0.0,0.300048828125,M. Butterfly
1439,1,3.2,2.870744848494025,0.0,0.0,Anna and the King
1537,1,2.95,2.056508068396218,0.7465380047042004,0.0,Changing Lanes
1544,1,3.5,1.793253519245953,0.0,0.0,Imagine Me & You
1598,1,3.5,2.332409393968265,1.6503056201952035,0.0,Cape Fear
1621,1,3.55,2.65921367585812,0.8004762007904438,0.0,Trading Places
1622,1,3.45,1.0128060034454451,0.0,0.0,Lemming
1770,1,3.4,1.9063075001167025,-0.5048908882461762,0.0,Michael Collins
1781,1,3.35,1.8998549913436265,3.8339101011523113,0.0,An Inconvenient Truth
1832,1,3.4,2.146993642421568,1.120141855318321,0.0,Dogma
1893,1,3.2,2.750412832232183,2.084123561724031,0.0,Star Wars: Episode I - The Phantom Menace
1996,1,2.75,2.570805178625092,0.4992135459020491,0.0,Lara Croft Tomb Raider: The Cradle of Life
2039,1,3.35,2.5554653724676166,0.0,0.0,Moonstruck
2089,1,2.25,1.6498815313793451,0.0,0.0,Cutaway
2363,1,3.3,0.9577566150536084,0.0,0.0,Les Cousins
2454,1,3.15,2.5249996586627743,0.6233239954103718,0.0,The Chronicles of Narnia: Prince Caspian
2588,1,3.45,1.5046250245785713,0.0,0.0,Chaotic Ana
2610,1,2.85,1.4699565107037351,0.11934762665644966,0.0,Shopgirl
3011,1,2.5,1.1983656133718286,0.0,0.0,Good Neighbor Sam
3023,1,3.35,1.3874834039282251,0.0,0.0,Abbott and Costello Meet Dr. Jekyll and Mr. Hyde
1279,1,3.45,0.9540946726484804,0.0,0.0,Samaritan Girl
1023,1,3.7,1.7991543925923896,0.0,0.0,Adam's Apples
8954,1,3.3,1.4744515189518796,0.0,0.0,Reservation Road
984,1,3.7,2.3277961077761447,2.196557688348516,0.0,Dirty Harry
149,1,3.9,2.3877454829636733,-2.671529644515892,0.0,Akira
218,1,3.7,2.959771465132748,2.5051585225635447,0.0,The Terminator
248,1,3.65,0.9744105722843176,0.5447271754416719,0.0,Pocketful of Miracles
258,1,3.6,2.4828228134417216,0.0,0.0,Bed and Board
301,1,3.8,2.383923852736833,0.0,0.0,Rio Bravo
303,1,3.9,2.3160057319900176,2.5040857984480374,0.0,Notorious
307,1,3.95,1.8132236239195167,0.0,0.0,"Rome, Open City"
327,1,3.4,2.0961172263591954,0.23967285326542026,0.0,Brother
395,1,2.8,2.5365661062966853,0.8942429590381314,0.0,AVP: Alien vs. Predator
451,1,3.55,2.3352482948977205,2.627081138568543,0.0,Leaving Las Vegas
626,1,3.75,1.8003015482338218,0.0,0.0,Un chien andalou
676,1,3.3,2.4353126125992137,1.1658724265054523,0.0,Pearl Harbor
707,1,3.0,2.5526274458633242,1.625494709329754,0.0,A View to a Kill
745,1,3.85,2.9150193288217694,2.822578006463023,0.0,The Sixth Sense
800,1,3.95,1.2707025167993762,0.0,0.0,Los Olvidados
829,1,3.95,2.50897060953302,1.6094379124341005,0.0,Chinatown
842,1,3.2,2.3132952341281614,0.0,0.0,The Assassination of Richard Nixon
858,1,3.25,2.325805305061419,2.3839451040709165,1.75,Sleepless in Seattle
866,1,3.6,2.7427481378013625,1.5413008689076182,0.0,Finding Neverland
871,1,3.75,2.8783541684021836,1.7505610269445222,0.0,Planet of the Apes
946,1,4.05,1.0836783301462436,0.0,0.0,Letter from an Unknown Woman
3036,1,3.05,2.6594027367506747,0.9118925942305252,0.0,Mary Shelley's Frankenstein
3049,1,3.2,2.4201865121591526,1.9668083104885488,0.0,Ace Ventura: Pet Detective
3109,1,3.65,2.170468242290343,0.0,0.64990234375,The Quiet Man
3513,1,2.6,1.7836199328964468,0.0,0.0,Legionnaire
6145,1,3.55,2.3138838212813453,0.0,0.0,Fracture
6341,1,2.95,2.347211457712342,0.6540602802715051,0.0,Blue Thunder
6557,1,3.05,2.3362328057886974,1.675595865333926,0.0,27 Dresses
6641,1,2.95,1.7281447878857237,0.0,0.0,Love and Other Disasters
6643,1,2.9,1.0695448956652651,0.0,0.0,The Unforgiven
6933,1,2.35,2.407348540442118,0.0,0.0,One Missed Call
7303,1,2.8,1.9867694914495564,1.0354897697785177,0.0,Maid in Manhattan
7305,1,3.35,2.1589787754691248,0.13796437663453312,0.0,Alive
7509,1,3.35,0.7588759305939979,0.0,0.0,Water
7553,1,3.1,1.6202629101595996,1.8265735858711192,0.0,Waiting...
7916,1,1.55,1.5780250544930217,0.0,0.0,Far Cry
8073,1,3.75,1.7313346087080037,0.4212126838259984,0.0,Band of Outsiders
8094,1,3.7,1.7450018380632406,0.0,0.0,The Magdalene Sisters
8288,1,3.25,2.4170490265200137,0.0,0.0,A Midsummer Night's Sex Comedy
8293,1,3.5,2.384588769019436,0.0,0.0,Howards End
8374,1,3.6,2.5223556019917144,-5.282739336584719,0.0,The Boondock Saints
8447,1,3.15,0.7662396372523421,0.0,0.0,Angels and Insects
8489,1,3.35,2.2303481079134437,-0.19874930782686795,0.0,Ali
8584,1,3.1,2.3329631711878625,0.03452974522987801,0.0,Shanghai Noon
8665,1,3.05,2.043648935846424,-1.0450061399912571,0.0,K-19: The Widowmaker
8838,1,3.0,1.893811116614188,0.0,0.0,Mercury Rising
5916,1,3.5,2.30633734448525,2.8650529181609268,0.0,The Getaway
5871,1,3.5,0.7487725031491604,0.0,0.0,The World is Big and Salvation Lurks Around the Corner
5825,1,3.55,2.2826450042504742,0.9713399269906106,0.0,National Lampoon's Christmas Vacation
4883,1,2.95,2.1514219128090937,0.0,0.0,Ten Little Indians
3525,1,3.25,2.1185365257757045,1.3042088354268095,0.0,Working Girl
3767,1,3.8,1.5177773446863592,0.0,1.849609375,Gilda
3767,1,3.8,1.5177773446863592,0.0,0.300048828125,Gilda
4204,1,3.0,0.8445119834330764,0.0,0.0,$5 a Day
4369,1,3.75,0.9585525852998794,0.0,0.0,Just a Question of Love
4546,1,3.05,1.5985955458353234,0.0,0.0,The Count of Monte-Cristo
4710,1,3.8,1.3282957414646954,0.0,0.0,Masculin Féminin
4728,1,3.05,1.4731729584613598,0.0,0.0,The Gendarme in New York
4823,1,2.7,1.4899942486978386,0.0,0.0,Final Analysis
4912,1,3.3,2.4275486866276457,0.09572842566066483,0.0,Confessions of a Dangerous Mind
5651,1,2.8,0.8510065461311527,0.0,0.0,Up!
4912,1,3.3,2.4275486866276457,0.09572842566066483,0.0,Confessions of a Dangerous Mind
4912,1,3.3,2.034160008808461,0.09572842566066483,0.0,Confessions of a Dangerous Mind
4912,1,3.3,2.034160008808461,0.09572842566066483,0.0,Confessions of a Dangerous Mind
4953,1,3.1,1.57870897785466,0.0,0.0,Be Kind Rewind
4958,1,3.2,2.20109308500217,-0.7067536552188021,0.0,The Legend of Bagger Vance
4984,1,3.1,0.9479804659503788,0.0,0.0,White Lightning
5205,1,3.5,1.7692382599342602,0.0,0.0,Pumping Iron
5237,1,3.35,2.465909932658965,0.0,0.0,Dust Devil
5558,1,3.7,0.8867947716580092,0.0,0.0,The Phantom of Liberty
11889,1,3.1,1.086846003300499,0.0,0.0,Iris
11895,1,2.35,1.7249746938159292,0.0,0.0,Police Academy 6: City Under Siege
11896,1,3.0,1.8830257258098988,1.4199358718449973,0.0,Throw Momma from the Train
20853,1,3.25,0.9064391641437493,0.0,0.0,Detective Story
20875,1,3.75,1.1972677757780366,0.0,0.0,Operation Y and Other Shurik's Adventures
20942,1,3.35,1.043720950128686,0.0,0.0,House of Bamboo
20978,1,2.7,0.9157798013713926,0.0,0.0,My Father the Hero
21035,1,3.5,1.3791604753591094,0.0,0.0,Turkish Delight
21042,1,3.35,1.0803074391425913,0.0,0.0,When Father Was Away on Business
21366,1,3.0,0.7569263509637095,0.0,0.0,Journey Into Fear
21373,1,1.85,0.9947144065438684,0.0,0.0,Descent
21452,1,3.75,1.3439250764133326,0.0,0.0,Detective Conan: The Fourteenth Target
21755,1,3.4,2.076076636731747,-1.2854063120469712,0.0,The Brothers Bloom
21765,1,2.3,1.8833513811980425,0.0,0.0,Good Boy!
21778,1,3.1,2.249421418957553,-0.2373886829652969,0.0,RRRrrrr!!!
21799,1,2.7,1.6825049000942829,0.0,0.0,Cutting Class
21915,1,2.8,0.9335906220918508,0.0,0.0,Booty Call
22010,1,3.5,0.9561658462448605,0.0,0.0,Grass
22051,1,3.45,1.946442007593483,0.0,0.0,Adam
22175,1,2.3,2.6807686885337283,0.0,0.7998046875,The Shortcut
22175,1,2.3,2.6807686885337283,0.0,0.35009765625,The Shortcut
22175,1,2.3,2.6807686885337283,0.0,1.2998046875,The Shortcut
22244,1,3.3,1.4939924924240544,0.0,0.0,Society
22293,1,1.0,0.9401076440776696,0.0,0.0,Manos: The Hands of Fate
22649,1,3.1,0.8801208163018406,1.8325814637483104,0.0,A Farewell to Arms
20859,1,2.55,0.8157589833765663,0.0,0.0,Blown Away
20766,1,3.4,2.705252825426045,-0.1466417808466186,0.0,The Road
18509,1,1.95,1.8483415781473305,0.0,0.0,Caddyshack II
20416,1,2.85,2.352056072974838,0.0,0.5,The Deep
18585,1,3.05,1.5266278792449386,0.0,0.0,The Ramen Girl
18644,1,3.25,1.5574970399920829,0.0,0.0,King Creole
18670,1,3.15,1.0807656471838436,0.0,0.0,Legend of the Red Dragon
18767,1,2.95,2.4307014004737737,0.0,0.0,Island of Fire
18781,1,3.0,2.3798923704797468,0.0,0.0,The Haunting in Connecticut
18901,1,3.95,1.0064165871705733,0.0,0.0,The Pinchcliffe Grand Prix
18926,1,3.4,1.0767633290613985,0.0,0.0,Boomerang!
19017,1,3.35,0.8391232534313122,0.0,0.0,Dirty Mary Crazy Larry
19026,1,3.75,1.6554877539180846,0.0,0.0,Azur & Asmar: The Princes' Quest
19114,1,2.5,1.755516385200478,0.0,0.0,Endless Love
19123,1,3.55,1.7171479857183785,0.0,0.85009765625,Knock on Wood
19123,1,3.55,1.7171479857183785,0.0,1.9501953125,Knock on Wood
19405,1,3.3,1.4340587612780185,1.4920239336678442,0.0,Recess: School's Out
19457,1,3.0,2.4125494646247296,0.0,0.0,The Yards
19489,1,2.45,0.8700863616561009,0.0,0.0,Held Up
19592,1,2.85,2.050811587924943,0.0,0.0,Dead Birds
19933,1,3.4,1.8945252715267864,0.0,0.0,The Brave Little Toaster
19959,1,2.95,2.785747822748149,0.4256334528352968,0.0,Surrogates
20178,1,3.25,1.6922442439328111,-3.5208258691176866,0.0,World's Greatest Dad
20246,1,3.5,1.9095127266632936,0.0,0.0,The Stranger
20379,1,3.15,2.3751252653631365,0.0,0.0,Grand Prix
22649,1,3.1,0.8801208163018406,1.8325814637483104,0.60009765625,A Farewell to Arms
22649,1,3.1,0.6495593855707049,1.8325814637483104,0.0,A Farewell to Arms
22649,1,3.1,0.6495593855707049,1.8325814637483104,0.60009765625,A Farewell to Arms
22682,1,3.3,1.1034787614907635,0.0,0.0,How to Succeed in Business Without Really Trying
25562,1,3.0,2.2930216083062502,0.0,0.0,Soapdish
26018,1,3.6,1.1915703103768562,0.0,0.0,Food Matters
26044,1,2.25,1.2841101844409724,0.0,0.0,Arthur 2: On the Rocks
26203,1,3.15,1.0995518471447758,0.0,0.0,Blink
26255,1,2.7,2.1232838903348554,0.0,0.0,Love Potion No. 9
85,1,3.85,2.9907989245745097,3.0755851452611025,1.0,Raiders of the Lost Ark
26352,1,3.0,1.105762001779971,1.0781516569344851,0.0,A Low Down Dirty Shame
26505,1,2.65,2.2621259493021326,0.0,0.0,Arthur and the Revenge of Maltazard
26550,1,2.9,2.677947356229641,0.0,0.0,Little Lips
26555,1,2.15,1.4060609583552308,-0.1977584143465667,0.0,Club Paradise
26719,1,3.5,1.7092589937160332,0.0,0.0,House of Games
26866,1,3.2,1.1271838723781715,0.0,0.0,Swords of Blood
26956,1,3.0,1.2089042248592374,0.0,0.0,Puppet Master III Toulon's Revenge
27064,1,3.85,2.1508122172819184,-2.2970842504087257,0.0,Mishima: A Life in Four Chapters
27117,1,3.65,0.7583392380960747,0.0,0.0,Sherlock Holmes and the Voice of Terror
27376,1,3.05,1.4513847611942632,0.0,0.0,Muscle Beach Party
27420,1,2.5,0.9519906388724624,0.0,0.0,Graduation Day
27429,1,3.15,2.4458769717196884,0.0,0.0,Shivers
27526,1,3.05,1.7503230498764055,0.0,0.0,The Crossing Guard
27759,1,3.25,1.0894131056327705,-0.5306282510621704,0.0,55 Days at Peking
27786,1,2.35,0.9576798615428652,0.0,0.0,Steel Dawn
25556,1,3.05,1.154224526311988,0.0,0.0,The Land Before Time IX: Journey to the Big Water
25541,1,3.55,0.9508509865573684,0.0,0.0,Brotherhood
25541,1,3.55,0.9508509865573684,0.0,0.0,Brotherhood
24124,1,3.1,2.190817093183615,0.0,0.0,The Burning
22821,1,2.9,2.0858519510311617,0.2841747728107312,0.0,The Boondock Saints II: All Saints Day
22832,1,3.1,2.215271524894736,0.4131413535378557,0.0,Ninja Assassin
22855,1,3.35,2.1486022157538125,0.0,0.0,Superman/Batman: Public Enemies
22999,1,3.2,1.2820498891202607,0.0,0.0,The Flying Deuces
23728,1,3.15,2.460810744549048,0.0,0.0,Our Man Flint
23847,1,3.45,1.7784692103529922,0.0,0.0,Across 110th Street
24016,1,3.2,2.6245415551087867,-2.4888741900772002,0.0,The Sheltering Sky
24020,1,2.55,1.0225714240396928,0.0,0.0,Johnny Tsunami
24086,1,3.0,1.332886200399269,0.0,0.0,The Boy Who Could Fly
24150,1,2.55,2.013676535383408,0.9662603145417896,0.0,Halloween II
25541,1,3.55,0.9508509865573684,0.0,0.0,Brotherhood
24619,1,2.95,1.7986587808148826,0.0,0.0,Blind Horizon
24650,1,3.45,1.58247711445499,0.0,0.0,The Fountainhead
24798,1,3.05,1.131069798216644,0.0,0.0,True Stories
25001,1,3.0,2.10907837485747,0.0,0.0,Hanky Panky
25462,1,3.3,0.8305724820714219,0.0,0.0,Two Can Play That Game
25466,1,3.0,1.783694366881056,0.0,0.0,Mutant Action
25501,1,3.25,1.9945899670007703,0.0,0.0,"After Dark, My Sweet"
25504,1,3.25,2.25348728150603,0.0,0.0,Shock Corridor
25541,1,3.55,0.9508509865573684,0.0,0.0,Brotherhood
18570,1,3.65,1.9361414474208456,0.0,0.0,"Food, Inc."
18500,1,2.6,0.9915818609644418,0.0,0.0,The Sandlot 2
11909,1,3.85,1.38394986493527,0.0,0.0,Bullet in the Head
13279,1,2.95,2.628835550494772,0.3235327383695671,0.0,Lakeview Terrace
13368,1,3.45,1.9056023080497693,0.0,0.0,White Christmas
13372,1,3.45,1.023239825074262,0.0,0.0,Outfoxed: Rupert Murdoch's War on Journalism
13461,1,2.05,1.6595875330760803,0.0,0.0,Melissa P.
13510,1,3.35,2.5269626825697338,0.0,0.0,Eden Lake
13536,1,2.85,1.3617495876007852,-0.5783055777899431,0.0,City By The Sea
13551,1,3.2,1.3934618630980156,0.0,0.0,The Dead Girl
13757,1,3.15,1.9127691455279767,0.0,0.0,Melody Time
13785,1,3.35,1.8336765439290792,0.0,0.0,Best in Show
13817,1,2.9,1.2430600470339723,0.0,0.0,Head On
13888,1,2.6,2.18934841945383,-1.3654747822885511,0.0,Return to the Blue Lagoon
13936,1,3.15,2.1347991405810007,0.0,0.0,Oklahoma!
13942,1,2.6,1.1236534583915638,0.0,0.0,The Alphabet Killer
14028,1,2.5,1.1464181590555045,0.0,1.2998046875,Behind Enemy Lines III: Colombia
14207,1,3.0,1.9447883772473773,0.0,0.0,The Librarian: Quest for the Spear
14212,1,2.3,2.1334338654085188,0.0,0.0,Pulse 2: Afterlife
14215,1,3.05,1.3809679509493524,0.0,0.60009765625,Restraint
14241,1,3.45,0.7533962024357882,0.0,0.0,7 Faces of Dr. Lao
14317,1,2.9,1.6755531274363753,0.0,0.0,The Wild Thornberrys Movie
14432,1,3.1,1.1869063981600774,0.0,0.0,The Secret
14444,1,2.9,1.6398454805855216,1.2088775861935848,0.0,The Rugrats Movie
14449,1,3.1,0.9521114407889214,0.0,0.0,The Banquet
13318,1,3.45,1.2304776275288267,0.0,0.0,The Bothersome Man
13243,1,2.95,1.8287427452872969,-2.669044895762911,0.0,Meet Bill
18424,1,2.1,0.8182244374729098,0.0,0.0,Cloud 9
13199,1,3.65,1.150862175375301,0.0,0.0,American Me
11911,1,3.55,1.7340593792963328,0.0,0.0,Mephisto
11938,1,3.15,2.314996748736056,0.0,0.0,Clockwise
11973,1,3.45,2.3228345812173217,-0.8391345130271761,0.0,Thirteen Days
12117,1,3.15,1.830357552690257,0.0,0.0,Instinct
12118,1,2.75,1.9601018262759944,0.0,0.0,Police Academy 3: Back in Training
12146,1,3.05,2.194491846827134,0.0,0.0,The Missing
12228,1,3.4,1.1686606029792783,-1.1183747867694762,0.0,Inside Deep Throat
12404,1,3.3,1.2811885352480894,-2.3703621324758,0.0,Me and Orson Welles
12498,1,3.7,2.248729888135591,3.196389737110419,0.0,Sling Blade
12500,1,2.75,1.9898636011547008,2.3513461138816734,0.0,American Ninja
12502,1,3.45,1.5839061328415698,0.0,0.0,Silkwood
12521,1,2.75,1.7205793861081136,1.197232076581636,0.0,Shocker
12596,1,2.85,1.9563507416059056,0.0,0.0,Pushing Tin
12615,1,2.95,1.3390722419251095,0.0,0.0,Death of a Salesman
12660,1,3.05,2.4287497930457818,0.0,0.0,Charlotte Gray
12663,1,2.45,0.935828618247196,-1.3393058188970868,0.0,Red Scorpion
12720,1,3.2,2.1137888606531776,0.0,0.0,Suicide Club
12764,1,2.5,2.209410910322735,1.4957855764176071,0.0,Missing in Action 2: The Beginning
13092,1,3.1,2.4833663808492603,-0.4459226435887216,0.0,How to Lose Friends & Alienate People
13154,1,2.85,2.444172411833692,-1.2572166840793246,0.0,Showdown in Little Tokyo
13196,1,2.7,1.512190617633411,0.0,0.0,Then She Found Me
14536,1,2.6,2.514228530762034,1.2882272187594317,0.35009765625,New in Town
14536,1,2.6,2.514228530762034,1.2882272187594317,0.7998046875,New in Town
14536,1,2.6,2.514228530762034,1.2882272187594317,1.2998046875,New in Town
14576,1,3.05,1.7689098946991526,0.0,0.0,Shade
16380,1,3.1,1.1586971570007,0.0,0.0,When Worlds Collide
16551,1,2.45,1.6892908790310142,-0.2671644347300474,0.0,Rhinestone
16617,1,3.15,2.028150484131889,-0.24425232847507955,0.0,Mindhunters
16888,1,2.85,1.3231972007226709,-0.5606579975138665,0.0,The Ladies Man
16976,1,3.4,1.051917527607394,0.0,0.0,9 Souls
17043,1,2.7,1.1470039607517029,0.0,0.0,The Crocodile Hunter: Collision Course
17108,1,2.5,2.128952398468895,0.8284089252614593,0.0,Kung Fu Dunk
17166,1,2.5,0.7550209042766216,0.0,0.0,Insanitarium
17264,1,3.5,2.3269002685103466,2.639047885126215,0.0,The Black Stallion
17443,1,3.55,1.8392014233833602,0.0,0.0,...And Justice for All
17466,1,2.7,2.6322786921920107,1.4382632178887809,0.0,Death Warrant
17473,1,2.15,1.870413366797292,0.0,0.0,The Room
17590,1,3.35,1.3388719861002458,0.0,0.0,Deathtrap
17591,1,3.05,1.523000334426707,0.0,0.0,The Battle of the River Plate
17660,1,3.35,0.930386912249892,0.0,0.0,Dodge City
17710,1,2.8,1.5254691746468956,0.0,0.0,Hey Arnold! The Movie
17774,1,1.95,2.996780473999906,0.0,0.0,Derailed
17814,1,3.55,2.475008490907185,0.0,0.0,Assault on Precinct 13
18095,1,3.1,1.2928396338982993,0.0,0.0,Dragon Ball GT: A Hero's Legacy
18359,1,2.75,2.2448989870079066,0.0,,To Kill a King
18417,1,3.0,1.3393314140720276,0.0,-0.39990234375,The Other Sister
16358,1,3.2,2.475432326458606,0.0,0.0,Eulogy
16351,1,2.85,1.2202321026163236,0.0,0.0,Ararat
16300,1,2.45,2.2802672933019776,0.0,0.0,Down to Earth
15397,1,3.45,0.8674903276522938,0.0,1.2998046875,I Am David
14583,1,3.3,1.0416372697749856,0.0,0.0,Deceiver
14605,1,3.55,1.3719892795888269,0.0,0.0,The Ghost Breakers
14645,1,3.7,1.7700133946610297,0.0,0.0,Santa Claus Is a Stinker
14695,1,2.55,2.4489630144780943,0.0,0.0,Havoc
14882,1,3.1,0.8570089830001129,0.0,0.0,Hounddog
14905,1,3.25,2.0794156663450725,0.0,0.0,Welcome to Sarajevo
14943,1,3.5,1.8100401873738028,0.0,0.0,Crows Zero
15143,1,3.45,2.323236183772675,0.0,0.0,Some Kind of Wonderful
15263,1,3.1,1.7092832474038169,0.0,0.0,McLintock!
15660,1,3.3,1.0571880294895657,0.0,0.0,Mommie Dearest
16205,1,2.9,1.356584872525728,0.0,0.0,Jack Brooks: Monster Slayer
15677,1,3.4,1.4294798005027192,0.0,0.0,84 Charing Cross Road
15697,1,2.9,1.7378182863109086,0.0,0.0,Jailhouse Rock
15713,1,2.8,0.972750457243706,0.0,0.0,The First Star
15788,1,3.05,1.0073256037416087,2.407945608651872,0.0,The Bellboy
16082,1,3.1,1.1129020355065145,0.0,0.0,White Nights
16136,1,3.5,1.7133289889949173,1.3936115252601635,0.0,Juice
16137,1,3.35,1.5607607718772594,0.0,0.0,Fear(s) of the Dark
16154,1,3.3,1.4249083998988674,0.0,0.0,Let's Scare Jessica to Death
16175,1,2.6,2.1706629191678526,0.0,0.0,The Diary of Ellen Rimbauer
440249,1,2.95,1.7089729730293568,0.0,0.0,After Porn Ends 2
