id,count,avg,popularity,profit,ratio,title,is_duplicated
432789,4,3.1,1.734671699951544,0.0,,The Incredible Jessica James,False
100529,3,2.4,1.4577870055693252,0.0,0.0,Lola Versus,False
5765,3,2.85,2.0057286645427213,0.0,-0.39990234375,Knight Moves,False
256476,2,3.5,0.8388691527066654,0.0,0.0,Walking with the Enemy,False
10192,2,3.0,2.468422191275752,1.5175895562644706,1.2001953125,Shrek Forever After,False
9993,2,2.95,1.402779481767253,0.0,1.2998046875,Little Fish,False
9993,2,2.95,1.402779481767253,0.0,0.7998046875,Little Fish,True
9993,2,2.95,1.402779481767253,0.0,0.35009765625,Little Fish,True
49706,2,3.25,1.1833547046224953,0.0,0.0,Dream Home,False
18203,2,3.4,0.9943522783432004,0.0,0.0,Big Night,False
18722,2,2.9,2.4807711938988763,0.0,0.0,Mr. Baseball,False
44297,2,3.6,1.6929912506268392,0.0,0.0,Besieged,False
18887,2,3.35,1.186807825374906,0.0,0.0,Darby O'Gill and the Little People,False
43938,2,2.8,0.772919544001465,0.0,0.0,Nice Guy Johnny,False
18983,2,3.4,2.0888124968065047,0.0,0.0,"Godzilla, King of the Monsters!",False
9273,2,3.05,2.10479832390462,1.9572057933331664,0.0,Ace Ventura: When Nature Calls,False
19053,2,3.1,2.1328410664061668,3.903045456126685,0.0,Valley Girl,False
10247,2,3.25,1.4293643869232977,0.0,0.0,He Was a Quiet Man,False
265189,2,3.4,2.498619283733625,0.0,0.0,Force Majeure,False
265189,2,3.4,2.498619283733625,0.0,0.0,Force Majeure,True
9040,2,3.75,2.552733897755287,2.295896104843249,0.0,Serpico,False
268321,2,3.45,2.0299097213014172,0.0,0.0,Squatters,False
20391,2,3.15,2.3654539710530345,0.4599147194159446,0.0,Paint Your Wagon,False
7972,2,3.45,2.231085546706969,0.32871432486629576,0.0,Before the Devil Knows You're Dead,False
298032,2,2.25,2.06208694301496,0.0,0.0,VANish,False
7211,2,3.25,2.1901492729641814,1.0061732485281196,0.0,Dan in Real Life,False
300601,2,2.75,1.6300253297412413,0.0,0.0,It's Now or Never,False
39285,2,2.6,1.7568727772885977,0.0,0.0,Beauty & the Briefcase,False
204765,2,2.7,1.036582617732298,0.0,0.0,Prêt à tout,False
16378,2,3.25,0.9946792721668926,0.0,0.0,The Rutles: All You Need Is Cash,False
22627,2,3.4,1.0309920461234443,0.0,0.0,Pure Country,False
10596,2,2.5,2.260250809708022,0.0,0.0,Replicant,False
12568,2,3.1,2.404209749010143,-0.4151904210297663,-2.650390625,Brideshead Revisited,False
12568,2,3.1,2.404209749010143,-0.4151904210297663,-0.0999755859375,Brideshead Revisited,True
86240,2,2.9,1.6649903039770335,0.0,0.0,All Fall Down,False
87440,2,3.1,2.1454863886762494,0.0,0.0,Struck by Lightning,False
80919,2,2.3,1.4807985343700034,0.0,0.0,Game 6,False
78215,2,3.45,2.2588490651330955,0.0,0.0,Into the White,False
13515,2,3.0,2.153228337261884,0.7273614123937097,0.0,Mirrors,False
77883,2,2.9,1.9860201644642967,1.8088281455970512,0.0,The Possession,False
11694,2,3.25,1.697104408119942,0.0,0.0,Cat Ballou,False
13958,2,4.05,1.6820973073347911,0.0,0.0,The King of Kong,False
105875,2,3.0,0.7677317891044932,0.0,0.0,Cinderella,False
112090,2,2.3,2.424569335653094,0.0,0.0,Branded,False
11329,2,3.45,2.1759965145894715,0.2896069686498263,0.0,Runaway Jury,False
11291,2,3.45,1.0368021310483997,0.0,0.0,The Brothers Lionheart,False
11229,2,3.25,1.9584784079925184,0.0,0.0,Freeway,False
69225,2,3.05,2.2523191654212766,0.0,0.0,Switch,False
68430,2,2.8,1.97084329020766,-0.6013381493677762,0.0,Paradise,False
135718,2,3.55,1.085389586108862,0.0,0.0,OMG: Oh My God!,False
14726,2,2.95,0.7796243732318675,0.0,0.0,Espion(s),False
156711,2,3.3,2.088934465958366,-0.8195710634909489,0.0,Austenland,False
159824,2,3.35,2.464722479713631,1.7775484653765383,0.0,Hotel Transylvania 2,False
15531,2,2.65,1.3077780712111184,0.0,0.0,Get Smart's Bruce and Lloyd Out of Control,False
60895,2,3.55,1.0933226565322922,0.0,0.0,Beyond the Blackboard,False
60695,2,2.75,1.037934040413803,0.0,0.0,Sundays at Tiffany's,False
10612,2,3.05,1.6736800771624485,0.0,0.0,The Englishman Who Went Up a Hill But Came Down a Mountain,False
22059,2,2.6,1.810701922759264,0.0,0.0,The Fantastic Four,False
251519,2,3.4,2.5110403373520107,0.0,0.0,Son of Batman,False
84577,2,1.85,0.8130847823597144,0.0,0.0,7 Below,False
433,2,3.7,2.715720045833653,2.835883569945429,0.0,Mary Poppins,False
25624,2,3.35,1.0646448727544615,-0.8262711133503591,0.0,Rosewood,False
26271,2,2.35,0.7603192620811261,0.0,0.0,Live Nude Girls,False
359746,2,3.55,0.7678593986917195,0.0,0.0,The Propaganda Game,False
912,2,3.45,2.2454662313130767,0.0,1.5498046875,The Thomas Crown Affair,False
1931,2,3.05,1.7241064140719309,1.7593306124455648,0.0,Stomp the Yard,False
2022,2,2.8,1.898272720231128,1.2312155382010603,0.0,Mr. Deeds,False
32195,2,3.05,1.6132364886995387,0.0,0.0,My Date with the President's Daughter,False
30250,2,3.05,2.530790610910376,0.0,0.0,Cold Souls,False
393764,2,3.3,1.708120037200415,0.0,0.0,The African Doctor,False
32872,2,1.95,0.9932743653476672,0.0,0.0,Til There Was You,False
34813,2,3.1,2.5493175846617904,-0.05847692975897584,0.0,The Losers,False
30163,2,3.35,1.1124195285118128,0.0,0.0,Fugitives,False
27813,2,3.1,1.8918648005616998,0.0,0.0,Basket Case,False
27814,2,3.4,1.5891711214306123,0.0,0.0,Brain Damage,False
79120,1,3.75,1.5533269263207456,4.103865758105737,0.0,Weekend,False
64158,1,3.6,2.071783292000504,0.0,0.0,Guns at Batasi,False
60555,1,3.0,0.8556456348481045,0.0,0.0,Ride in the Whirlwind,False
30793,1,2.9,2.20550475738798,0.0,0.0,House of Dracula,False
82825,1,3.65,1.1552874746611754,2.5902671654458267,0.0,Kahaani,False
30588,1,3.95,1.8666376328034413,0.0,0.0,Monsieur Verdoux,False
61667,1,3.35,1.9790210263255923,0.0,0.0,We Have a Pope,False
28520,1,2.85,1.1280820901854531,0.0,0.0,Uncertainty,False
64328,1,3.25,2.32379545445756,1.300398949088457,0.0,The Muppets,False
59722,1,1.9,2.01547072603367,0.0,0.0,2012: Ice Age,False
65215,1,3.5,1.850900952522408,0.0,0.0,Family Guy Presents Stewie Griffin: The Untold Story,False
65218,1,3.55,1.6479845522971737,0.0,0.0,Lemonade Mouth,False
30547,1,3.35,1.866110935544191,0.0,0.0,The Champ,False
82529,1,3.5,1.6600563091294294,0.0,0.0,Combat Girls,False
66599,1,2.7,2.09278992922702,0.0,0.199951171875,Love Field,False
30346,1,3.4,0.8142061777234008,0.0,0.0,The Body Snatcher,False
60170,1,3.35,2.2959176146790248,0.0,0.0,Christopher and His Kind,False
58235,1,3.05,1.294252534425951,0.0,0.0,Confessions of a Brazilian Call Girl,False
78478,1,2.9,1.0078743402649208,0.0,0.0,You Don't Choose Your Family,False
53182,1,3.05,2.557589803798841,1.1213223045436551,0.0,300: Rise of an Empire,False
50674,1,2.3,1.131280168572494,0.0,0.0,The Lost Future,False
50837,1,3.35,2.0366659474173336,0.0,0.0,Martha Marcy May Marlene,False
82881,1,3.55,2.297971165180716,0.0,0.0,Tangled Ever After,False
51985,1,2.6,1.5265674771713469,0.0,0.0,An All Dogs Christmas Carol,False
52077,1,2.85,2.12487393197375,0.0,0.0,Nothing to Declare,False
53010,1,2.8,1.4122210899242624,0.0,0.0,La Chance de ma vie,False
31056,1,3.95,1.2529235270337276,0.0,0.0,A Short Film About Love,False
53217,1,3.8,0.7558054977213057,0.0,0.0,"What's Opera, Doc?",False
58043,1,2.85,1.008308953671101,0.0,0.0,My Piece of the Pie,False
53487,1,3.35,2.371255472486044,-0.7515410772946721,0.0,This Must Be the Place,False
54164,1,3.35,0.7536837985041529,0.0,0.0,Man of the East,False
56589,1,3.25,1.0716798445268163,0.0,0.0,The Seventh Company Outdoors,False
56909,1,3.0,1.3882399672003058,0.0,0.0,The Immature,False
31032,1,3.4,1.2121445246858331,0.0,0.0,The Death of Mr. Lazarescu,False
30874,1,2.85,1.452519272002615,0.0,1.5498046875,The New York Ripper,False
57361,1,3.65,1.5202223625847284,0.0,0.0,The Yellow Sea,False
67342,1,2.9,1.4331600556373172,0.0,0.0,Mr. Vampire,False
28635,1,1.9,2.1852690607745804,0.0,0.0,Wishmaster 3: Beyond the Gates of Hell,False
67911,1,2.2,1.2921968457407569,0.0,0.0,Bucky Larson: Born to Be a Star,False
76543,1,3.65,1.5148577461050867,0.0,0.0,Tyrannosaur,False
29291,1,2.75,1.0942759001109637,0.0,0.0,Klimt,False
75629,1,3.7,2.0496113888760576,0.0,0.0,Evangelion: 3.0 You Can (Not) Redo,False
29270,1,3.3,0.8720445481705377,0.0,0.0,A Time for Drunken Horses,False
75720,1,3.6,1.6843724571682797,0.0,0.0,One Life,False
76122,1,3.3,1.6023097674653781,0.0,0.0,Marvel One-Shot: The Consultant,False
80384,1,1.85,1.2496125826656266,0.0,0.0,Breaking Wind,False
79699,1,2.7,2.0444346379482856,0.0,0.0,A Warrior's Heart,False
76696,1,3.65,1.294590445919651,0.0,1.5498046875,Sidewalls,False
82474,1,3.45,1.2502629890062638,0.0,0.0,7th Heaven,False
77016,1,3.6,2.0085884589293976,1.9279204015806768,0.0,End of Watch,False
77197,1,2.6,1.7364250379788513,0.0,0.0,True Women,False
29259,1,4.1,1.7627710009818198,0.0,0.0,Le Trou,False
77950,1,3.05,2.1949723763678946,0.7386539426227348,0.0,Turbo,False
29143,1,2.85,1.3098759527319792,1.0498221244986776,0.0,Eyes of Laura Mars,False
78133,1,3.5,1.5036148453714209,-1.9523496716809263,0.0,A Home of Our Own,False
28978,1,4.0,1.9043159814861697,0.0,0.0,The Circus,False
75258,1,3.25,2.2322248585208406,0.0,0.0,Secret of the Wings,False
74998,1,2.9,2.3273749691468466,-0.31908791746631004,0.0,Seeking Justice,False
29427,1,3.1,2.3900973112084345,1.0108031389970054,0.0,The Crazies,False
74406,1,3.35,0.7559712641389588,0.0,0.0,Queen: Days of Our Lives,False
82424,1,3.4,2.2883014659596816,0.0,0.0,Small Fry,False
68730,1,3.5,2.6510832983346098,-0.6615843514201437,0.0,Silence,False
68924,1,3.45,1.966602016714403,-0.8061838729454756,0.0,The Ice Storm,False
28696,1,3.45,2.489453878786988,0.0,0.0,The Wild One,False
31329,1,2.8,0.846635355264855,0.0,0.0,By the Pricking of My Thumbs,False
70667,1,3.5,2.0580544597981882,0.0,0.0,Kon-Tiki,False
29973,1,3.05,0.9490920385021746,0.0,0.0,Cobb,False
70954,1,3.35,2.3287776532709654,0.0,0.0,The Hunter,False
71282,1,2.95,1.6624359728818991,0.0,0.0,China Seas,False
72477,1,2.85,1.8072945065701804,0.0,0.0,Texas Killing Fields,False
29918,1,3.05,1.2934501882196223,0.0,0.0,Lassie,False
29483,1,3.0,1.139162566276668,0.0,0.0,Beautiful Kate,False
73211,1,3.6,1.4274120719117789,0.0,0.0,King of Devil's Island,False
73262,1,2.85,1.5642175090800663,0.0,0.0,Hell,False
73562,1,3.5,1.5617043798328647,0.0,0.0,Declaration of War,False
31325,1,2.85,1.0026724439997992,0.0,0.0,The Singer,False
36691,1,2.9,1.7629559350331148,-1.093668131182721,0.0,Solitary Man,False
50619,1,2.9,3.2570382859625497,1.8678388872808347,0.0,The Twilight Saga: Breaking Dawn - Part 1,False
41439,1,2.9,2.811007130459438,1.918028133221365,0.0,Saw: The Final Chapter,False
39514,1,3.3,2.5333130101554446,0.2115589425837297,0.0,RED,False
39845,1,3.0,1.558803769179755,0.0,0.0,Love Ranch,False
40085,1,3.25,2.4979883763304853,0.0,0.0,"The Long, Hot Summer",False
34067,1,3.2,1.279641343874972,0.0,0.0,Pokémon: Lucario and the Mystery of Mew,False
34038,1,2.9,0.9940403508898898,0.0,0.0,Magical Mystery Tour,False
40577,1,3.05,1.8382689393527991,0.0,0.0,Island in the Sky,False
40751,1,3.55,1.6517292908808443,0.0,0.0,Ashes of Time,False
41154,1,3.15,2.3687833297912744,1.0200928755007992,0.0,Men in Black 3,False
33809,1,3.05,0.8825585451657627,0.0,0.0,Everyone Else,False
39413,1,3.6,1.5539554346049866,0.0,0.0,My Afternoons with Margueritte,False
41496,1,3.0,1.650521120835039,0.0,0.0,A Dog Year,False
33623,1,3.2,1.4602088681318672,0.0,0.0,Innocence,False
41759,1,2.75,1.5516594240347104,0.7712369054804743,0.0,Man's Best Friend,False
41769,1,2.2,0.7842603835473249,0.0,-2.650390625,Prom Night IV: Deliver Us from Evil,False
41769,1,2.2,0.7842603835473249,0.0,-0.0999755859375,Prom Night IV: Deliver Us from Evil,True
42002,1,3.3,1.1903868315285742,0.0,0.0,Anguish,False
42090,1,3.15,0.8246871541251228,0.0,0.0,After the Rehearsal,False
42264,1,3.45,1.236656234392644,0.0,0.0,Smile,False
39435,1,3.1,1.4619962765565198,0.0,0.0,Cowboy,False
39341,1,2.45,1.2435299032028877,0.0,0.0,Big Bad Wolf,False
50590,1,3.0,1.5312666192383035,0.0,0.0,Norman,False
38541,1,2.85,2.002372709734487,-4.915325114291932,0.0,The Divide,False
36912,1,2.25,1.2973934728549117,0.0,0.0,The Sting II,False
37206,1,3.15,1.911095520553309,0.0,0.0,A Shine of Rainbows,False
37626,1,2.85,1.834886485144172,0.0,0.0,St. Ives,False
35712,1,3.05,1.326653427198836,0.0,0.0,Secret Things,False
37924,1,3.15,1.385462765440032,0.0,0.0,Sweeney Todd,False
37997,1,3.0,0.7941651309148531,0.0,0.0,Permanent Vacation,False
38410,1,2.8,1.7978290122289802,0.0,0.0,The Poughkeepsie Tapes,False
38517,1,3.1,1.8810704778146967,0.0,0.0,The Brooke Ellison Story,False
35371,1,3.25,2.044210140629076,0.0,0.0,Thrashin',False
35052,1,3.3,2.058769464021209,0.0,0.0,Cracks,False
38579,1,2.5,2.5084233680334957,0.51595457617356,0.0,Marmaduke,False
38602,1,3.5,1.9201012314854613,0.0,0.0,Little Lord Fauntleroy,False
38718,1,3.3,2.0706216354059808,0.0,0.0,Reversal of Fortune,False
38778,1,2.75,2.4530476658222886,0.22474061735403825,0.0,Dinner for Schmucks,False
39074,1,3.1,1.432103419539131,0.0,0.0,The Bedroom Window,False
39100,1,3.05,1.828322165803544,0.0,0.0,Dragon Ball Z: The World's Strongest,False
35188,1,2.9,1.1503226294130708,0.0,0.0,The Disorderly Orderly,False
39106,1,2.95,1.4473894604797015,0.0,0.0,Dragon Ball Z: Bio-Broly,False
42571,1,3.15,0.8679690179647647,0.09588615960233464,0.0,The Double Hour,False
42688,1,3.0,0.9630792750886537,0.0,0.0,Wild in the Streets,False
42700,1,3.3,2.490009110068759,0.0,0.0,The Night of the Generals,False
49517,1,3.3,2.0449454598578503,0.0,0.0,Tinker Tailor Soldier Spy,False
47359,1,2.9,2.392607773122561,-0.3978844143117117,0.0,Racing with the Moon,False
47837,1,3.25,1.197127327421346,0.0,0.0,The Fugitive Kind,False
31642,1,3.2,1.4328298425442785,0.0,0.0,Heaven & Earth,False
47945,1,1.95,0.8121614579270732,0.0,0.0,Daybreak,False
48492,1,3.25,1.9706696583627528,1.3809587095063292,0.0,Detective Dee and the Mystery of the Phantom Flame,False
48748,1,3.3,0.9249657944727712,0.0,0.0,Klown,False
49299,1,2.7,0.9936109677513868,0.0,0.0,Dangerous Game,False
49444,1,3.35,2.440773711387339,1.4901922291299718,0.0,Kung Fu Panda 2,False
49521,1,3.25,2.919867667113598,1.0804415563067835,0.0,Man of Steel,False
33365,1,3.15,1.447136135827518,0.0,0.0,The Night Before the Exams,False
31618,1,2.8,1.0341843391950445,0.0,-0.5498046875,Betrayed,False
31473,1,2.85,1.1857027180885693,0.0,0.0,An American Tail: The Treasure of Manhattan Island,False
31385,1,1.75,1.686945470869107,0.0,0.0,Zombie Nightmare,False
31359,1,3.2,1.399455127066356,1.2236817591945262,0.0,Would I Lie to You? 2,False
49792,1,2.85,1.8312557854249687,0.0,0.0,Queens Logic,False
50135,1,2.75,2.10329831725087,0.0,0.0,Animals United,False
36897,1,3.05,1.5227327431035744,0.0,0.0,Pokémon: Mewtwo Returns,False
50363,1,3.3,0.9466756005958062,0.0,0.0,Summertime,False
45269,1,3.8,2.4212909915703067,3.3183266301359384,0.0,The King's Speech,False
45156,1,3.1,1.9705845036392875,0.0,0.0,A Little Bit of Heaven,False
44833,1,2.75,2.5731438446003216,0.3714826589184931,0.0,Battleship,False
44708,1,3.6,0.8709744866549399,0.0,0.0,Blue Gate Crossing,False
42889,1,2.3,0.8042716526586279,-1.2663696205516466,0.0,The Virginity Hit,False
32636,1,3.05,1.95158629493069,0.0,0.0,Vanya on 42nd Street,False
32450,1,3.05,1.637432773910979,0.0,0.0,Brain Donors,False
42941,1,2.4,1.9906405187743041,0.0,0.0,30 Days of Night: Dark Days,False
43641,1,3.55,1.2715378970216764,0.0,0.0,Superman/Shazam!: The Return of Black Adam,False
32173,1,2.75,1.27078081073252,0.0,0.0,Bunshinsaba: Ouija Board,False
43656,1,2.9,0.8783815742557716,0.0,,13 Moons,False
43865,1,3.35,1.260273266897593,0.0,0.0,Stella Dallas,False
32042,1,3.3,1.4189147341031974,0.0,0.0,Night Moves,False
43935,1,2.25,2.5466268281259183,-1.4622984682634348,0.0,Dylan Dog: Dead of Night,False
83090,1,2.9,1.271251287087979,0.0,0.0,Saint Seiya: Evil Goddess Eris,False
31656,1,3.1,1.122516948628905,0.0,0.0,Thieves Like Us,False
44048,1,3.15,2.541370391843811,0.5176351820079217,0.0,Unstoppable,False
31644,1,3.3,1.3742048263006148,0.0,0.0,Dollars,False
44564,1,2.6,2.0166437712229417,-0.042122482645619984,0.0,The Dilemma,False
44593,1,2.4,1.39931373999978,0.0,0.0,Perfect Opposites,False
44629,1,3.35,2.2668866174724736,-1.6094379124341005,0.0,Animal Kingdom,False
50318,1,2.7,1.4775472302506438,-1.483404559986935,0.0,Go Go Tales,False
16,1,3.85,2.3688227323124136,1.1402309407724267,0.0,Dancer in the Dark,False
83900,1,2.8,0.8430101096797404,0.0,0.0,Livid,False
305642,1,2.85,1.3403690019751089,0.0,0.0,Ithaca,False
307103,1,3.5,1.6346490247266074,0.0,1.150390625,Serial Killer 1,False
308361,1,2.7,1.8202878054467282,0.0,0.0,"Stockholm, Pennsylvania",False
312827,1,2.8,1.5264620907174942,0.0,0.0,The Nightmare,False
316268,1,1.7,1.183174613620923,0.0,0.0,Lake Eerie,False
316715,1,3.15,1.3311864318341728,0.0,0.0,The Eichmann Show,False
317442,1,3.65,1.666590348478404,0.0,0.0,The Last: Naruto the Movie,False
319076,1,3.55,0.9379567200738196,0.0,0.0,Listen to Me Marlon,False
319373,1,3.5,1.4861288363021323,0.0,0.0,Sweet Bean,False
319998,1,2.45,0.7828228800880134,0.0,0.0,Sworn Virgin,False
321160,1,2.75,1.885899874203417,0.0,0.0,With This Ring,False
321594,1,3.7,0.9225228716856388,0.0,0.0,Louis C.K.: Live at The Comedy Store,False
321741,1,3.5,2.046373651032904,0.363924402996363,0.0,Concussion,False
323262,1,2.4,1.9737003980368124,0.0,0.0,Holidays,False
323660,1,2.0,2.3299197732234562,0.0,0.0,Avengers Grimm,False
328252,1,2.35,0.8845474012871041,0.0,0.0,Sweet Home,False
328425,1,3.35,2.150116198173256,2.4677376524419787,0.0,The Gift,False
328720,1,2.95,1.474592056280794,0.0,0.0,Ma che bella sorpresa,False
329263,1,3.3,2.2215027951338384,0.0,0.0,Fuck You Goethe 2,False
329833,1,2.35,2.317976928603497,0.1127749606011993,0.0,Zoolander 2,False
331214,1,4.1,2.067334926465608,0.0,0.0,Band of Brothers,False
333596,1,3.4,1.168326766401304,0.18191154219389985,0.0,Woodlawn,False
306650,1,3.15,1.7150992428426324,0.0,0.0,Kajaki,False
302156,1,2.9,2.306435769613544,-0.7615486623264245,0.0,Criminal,False
258099,1,3.15,1.8761686300547933,0.0,0.0,Just Before I Go,False
301272,1,2.95,1.3315020575965566,0.0,0.0,Andiamo a quel paese,False
261392,1,3.0,2.2549512000852765,-0.031213394610568438,0.0,American Ultra,False
262841,1,3.0,2.6947079207537525,-0.6617428590362457,0.0,Monster Trucks,False
265016,1,2.4,2.3473344373699785,0.0,0.0,Extraterrestrial,False
267999,1,3.3,1.8426846542049824,-2.0530368700004757,0.0,White God,False
275060,1,3.3,2.127870807399923,0.0,0.0,The Disappearance of Eleanor Rigby: Her,False
277967,1,3.55,1.6751599204746914,0.0,0.0,Life Eternal,False
278236,1,3.25,2.5427542427561143,0.0,0.0,X+Y,False
279096,1,2.85,1.6334973490010791,0.0,0.0,Lazer Team,False
279641,1,3.0,2.098705298321104,-0.4162371762092095,0.0,Whiskey Tango Foxtrot,False
282297,1,3.95,1.8267721422685883,0.0,0.0,Cowspiracy: The Sustainability Secret,False
282376,1,3.8,1.195029431320502,0.0,0.0,Corn Island,False
284470,1,3.35,1.520534346383341,0.0,0.0,Atari: Game Over,False
286971,1,2.15,1.668518755001022,0.0,0.0,Innocence,True
287587,1,2.65,1.7516635999039676,0.0,0.0,Adult Beginners,False
290098,1,4.05,2.8170483923880454,-1.4641372743728784,0.0,The Handmaiden,False
291151,1,2.3,1.4469291005322011,0.0,0.0,The Stranger,False
294308,1,2.35,1.120164691403512,0.0,0.0,Don't Blink,False
296313,1,3.3,2.430939520730554,0.0,0.0,Men & Chicken,False
297239,1,2.75,1.8918666100442931,0.0,0.0,Boy 7,False
299939,1,2.1,0.8358222669121791,0.0,0.0,Debug,False
300803,1,2.25,2.453896775250099,0.0,0.0,Dragonheart 3: The Sorcerer's Curse,False
335778,1,2.85,2.17017318779529,0.8344203283149231,0.0,Risen,False
335970,1,2.15,1.5316067408442449,0.0,0.0,Joe Dirt 2: Beautiful Loser,False
337154,1,3.0,1.706616890401408,0.2878112828537573,0.0,The Meddler,False
337674,1,3.3,2.107307771551873,-1.432054572483829,0.0,Elle,False
378018,1,2.9,2.206381854531521,0.0,0.0,The Void,False
382322,1,3.1,1.8699970101064256,0.07563741420561998,0.0,Batman: The Killing Joke,False
382509,1,3.05,1.5031220516905557,0.0,2.650390625,Cezanne and I,False
388399,1,3.4,2.67744933409973,0.11626389716440425,0.0,Patriots Day,False
390669,1,3.55,1.6613511945895096,0.0,0.0,One Kiss,False
392788,1,3.0,0.9258611886040856,0.0,0.0,The Stopover,False
398535,1,3.7,1.4340947499089514,0.9129406449888732,0.0,Udta Punjab,False
399612,1,2.9,1.2510205942998114,0.0,0.0,Realive,False
403429,1,3.8,1.211730832849394,0.0,0.0,Two Lottery Tickets,False
403434,1,2.35,0.8521177972350289,0.0,0.0,Level Up,False
403605,1,3.2,1.4975626663723631,0.0,0.0,Headshot,False
408024,1,3.05,0.8773278414817292,0.0,,Moka,False
408439,1,3.05,2.2437250321737405,0.0,0.0,Hounds of Love,False
417678,1,3.65,2.4938703554727244,0.0,0.0,"Everything, Everything",False
421281,1,3.9,1.3173300606533551,0.0,0.0,Borrowed Time,False
424600,1,3.25,1.1045290831985832,0.0,0.0,The Immortal Life of Henrietta Lacks,False
424998,1,3.1,1.3015060567268133,0.0,0.0,The Case for Christ,False
426272,1,3.0,2.221625331621942,0.0,,Take Me,False
428687,1,2.85,0.9111065170241828,0.0,0.0,Deidra & Laney Rob a Train,False
430988,1,2.5,2.2337115358174304,0.0,0.0,Vamps,False
435366,1,3.9,0.8578850463965836,0.0,0.0,Fabricated City,False
377462,1,4.25,1.2656112179640926,0.0,0.0,O.J.: Made in America,False
377276,1,2.9,0.8031668255984948,0.0,0.0,Struggle for Life,False
377154,1,3.5,1.5911407353788392,0.0,0.0,Being 17,False
353378,1,2.4,0.7943721064427693,0.0,0.0,Big Stone Gap,False
338387,1,3.45,0.971006542764702,0.0,0.0,Youth in Oregon,False
339148,1,2.85,0.8442068022713032,0.0,0.0,Already Tomorrow in Hong Kong,False
340666,1,3.6,2.9396264702310435,0.26246607125081656,0.0,Nocturnal Animals,False
341006,1,3.05,2.7312761777320533,0.0,0.0,The Belko Experiment,False
343284,1,2.7,1.5456969398367908,0.0,0.0,Night Of The Living Deb,False
347031,1,3.4,2.21884233189088,0.3389581916918395,0.0,Swiss Army Man,False
347881,1,3.15,1.614444757241417,0.0,0.0,The Confirmation,False
348537,1,2.65,1.5976982717204014,0.0,0.0,Spanish Affair 2,False
352695,1,2.7,0.9854383647182832,0.0,0.0,Joshy,False
355111,1,3.1,1.5782796978142202,0.0,0.0,Barbie in Rock 'N Royals,False
376424,1,3.0,0.8027573536189796,0.0,0.0,Beware the Slenderman,False
356305,1,3.15,2.6763138209913304,1.133388871719632,0.0,Why Him?,False
358881,1,3.25,1.2320102557251704,0.0,0.0,Made in France,False
361745,1,3.45,0.7942243357130804,0.0,0.0,Autumn Dreams,False
362057,1,2.35,1.5744088978246782,0.0,0.0,Martyrs,False
366924,1,3.4,2.043089360352374,0.0,0.0,Batman: Bad Blood,False
367999,1,3.3,0.8600035149025749,0.0,0.0,The Last Will Be the Last,False
374416,1,3.4,1.6460089644876177,0.0,0.0,Quo vado?,False
374430,1,4.15,3.215300721796192,0.0,0.0,Black Mirror: White Christmas,False
376233,1,3.95,0.8735289404972361,0.0,0.0,"Life, Animated",False
259611,1,3.1,1.5016711708018018,0.0,0.0,Frontera,False
255709,1,4.05,0.9474443781804004,0.0,0.0,Hope,False
85446,1,3.35,2.0617825351860084,1.4484916921047435,0.0,Step Up Revolution,False
111440,1,2.75,2.342129888242436,0.0,0.0,The Pact,False
114958,1,1.95,1.3010585886293469,0.0,0.0,Storage 24,False
116979,1,3.15,1.5277539920407888,0.0,0.0,Chained,False
119360,1,3.1,1.4873134413701692,0.0,0.0,Me and You,False
120143,1,3.25,1.8952094609968289,0.0,0.0,The Four,False
121873,1,3.55,1.6732951390432504,0.0,0.0,Hannah Arendt,False
122857,1,2.55,2.55624132156343,-2.1042282978320084,0.0,Universal Soldier: Day of Reckoning,False
124071,1,3.4,1.0912126453771918,0.0,0.0,How to Make Money Selling Drugs,False
127560,1,3.35,1.808193848641477,0.21462842251014244,0.0,The Railway Man,False
127884,1,2.5,2.1481445044806584,0.0,0.0,Come Out and Play,False
131673,1,2.2,0.8204294002135458,0.0,0.0,It's in the Blood,False
135579,1,2.15,0.9718355556887576,0.0,0.0,Dead Before Dawn 3D,False
149085,1,2.95,1.1520639521004747,0.0,0.0,Tai Chi Hero,False
149763,1,3.15,0.8631076529681369,0.0,0.0,Men Do what Men Can,False
152780,1,3.55,2.215561534112035,-0.034050747757841435,0.0,The Past,False
154073,1,3.65,0.7499149625576541,0.0,0.0,Kid Blue,False
157834,1,2.95,2.3970416358267097,-2.4005144645943632,0.0,The Zero Theorem,False
158483,1,3.65,0.7636904495593092,0.0,0.0,Mei and the Kittenbus,False
158752,1,2.4,1.462941232539511,0.0,0.0,Escape from Tomorrow,False
158916,1,3.0,1.7578339517479546,-7.037701270112578,0.0,Sweetwater,False
160704,1,3.25,2.0087165906516664,1.69388546860504,0.0,The Berlin File,False
164331,1,1.95,2.399025361280502,0.0,0.0,Spiders,False
112949,1,3.45,2.0279405941549182,1.2486129404577042,0.0,Safe Haven,False
110160,1,3.85,2.1511783118978407,-6.6535211405978965,0.0,Laurence Anyways,False
252178,1,3.35,1.957351588304232,0.0,0.0,'71,False
105077,1,3.3,1.823091294204685,0.0,0.0,Battlestar Galactica: The Plan,False
85739,1,3.35,2.1795405774964447,0.0,0.0,A.C.A.B.: All Cops Are Bastards,False
86593,1,3.35,1.3557856678746996,0.0,0.0,Wild Bill,False
88318,1,2.4,1.2735575406263482,0.0,0.0,Secrets of Eden,False
89708,1,4.0,2.2503626302211157,0.0,0.0,Samsara,False
90125,1,3.75,1.762216851855535,0.0,1.2998046875,Marley,False
90125,1,3.75,1.762216851855535,0.0,0.35009765625,Marley,True
90125,1,3.75,1.762216851855535,0.0,0.7998046875,Marley,True
94047,1,3.8,1.7478354461661054,0.0,0.0,My Way,False
97630,1,3.35,2.2668856847630536,1.2001207647385057,0.0,Zero Dark Thirty,False
97690,1,3.45,1.420661970840314,0.0,0.0,We Are Legion: The Story of the Hacktivists,False
97795,1,2.5,1.9709225711283576,0.0,0.0,Emergo,False
98339,1,2.6,2.444195760206474,-8.468006280564357,0.0,The Samaritan,False
99223,1,2.45,0.8159513668917057,0.0,0.0,FDR: American Badass!,False
28296,1,2.95,1.60986502121016,0.0,0.0,Queen Bee,False
102001,1,3.65,1.1037079503704343,0.0,1.2998046875,Like Someone in Love,False
102001,1,3.65,1.1037079503704343,0.0,0.7998046875,Like Someone in Love,True
102001,1,3.65,1.1037079503704343,0.0,0.35009765625,Like Someone in Love,True
102784,1,3.55,0.8395172411493488,-0.21045193172372667,0.0,Two Rabbits,False
103328,1,3.5,1.99366712661,0.0,1.150390625,Holy Motors,False
103332,1,3.5,2.040286776351949,0.0,1.2998046875,Ruby Sparks,False
103689,1,2.9,0.9726574546316265,0.0,0.0,Post Tenebras Lux,False
167581,1,3.65,1.7899494988861968,0.0,0.0,Free Fall,False
168138,1,2.8,1.7853427594423816,0.0,0.0,The Last Days,False
169758,1,2.2,1.2256237224797335,0.0,0.0,The Stranger Within,False
172226,1,2.75,1.7198271030853307,0.0,0.0,In Secret,False
214210,1,3.2,0.9439004514214738,0.0,0.0,Eastern Boys,False
222911,1,2.1,1.1192096980805075,0.0,0.0,The Monkey's Paw,False
225728,1,3.2,2.5252057876425287,-0.17421799948470387,0.0,Macbeth,False
227262,1,3.0,1.56281013861255,0.0,0.0,Frau Ella,False
228970,1,3.5,2.416730765904344,1.2527923204455476,0.0,Wild,False
229138,1,2.15,1.2949865859973309,0.0,0.0,Djinn,False
230266,1,2.9,1.3328176321413876,-0.0953101798043249,0.0,Miss Julie,False
234200,1,3.85,2.209577629901394,0.0,0.0,Pride,False
241239,1,3.25,2.844194477171745,-0.5102366305898647,0.0,A Most Violent Year,False
241254,1,2.3,2.786213297258412,2.6953281362445707,0.0,The Prince,False
242022,1,3.05,1.8495093747689588,0.0,0.0,The Inbetweeners 2,False
243684,1,3.2,1.914822614612202,0.0,0.0,"Men, Women & Children",False
245685,1,2.45,1.0903038691405076,0.0,0.0,Postman Pat: The Movie,False
245916,1,3.3,2.6044694340851264,-0.7130046413594541,0.0,Kill the Messenger,False
246127,1,2.65,1.7445111408187417,0.0,0.0,Every Thing Will Be Fine,False
247218,1,3.0,1.4827311787566757,0.0,0.0,Un boss in salotto,False
248574,1,2.75,2.398792234044695,0.0,0.0,Barely Lethal,False
248611,1,3.0,2.34898153735796,0.0,0.0,Mea Culpa,False
249397,1,3.3,2.26115426734039,0.0,0.0,Nymphomaniac: Vol. II,False
250124,1,3.4,2.707160071721239,-0.3031328229154785,0.0,The Diary of a Teenage Girl,False
250657,1,3.7,1.8137172887679758,0.0,0.0,Fed Up,False
214075,1,3.25,1.2096180399565355,0.0,0.0,Words and Pictures,False
213927,1,2.6,0.9686641826826587,0.0,0.0,Born to Race: Fast Track,False
213681,1,2.8,2.2443825106704653,0.15529288440603525,0.0,Masterminds,False
191824,1,2.3,1.8901384203817504,0.0,0.0,Rushlights,False
172391,1,2.9,1.6524336067562324,0.307020437583193,0.0,Khumba,False
172897,1,2.5,1.5827016630398345,0.0,0.0,Some Girl(s),False
178682,1,3.2,1.8385749866525385,0.0,0.0,The Wizards Return: Alex vs. Alex,False
179053,1,2.4,0.8137019270301167,0.0,0.0,App,False
179144,1,3.65,2.1012194227595287,-0.3929129668811721,0.0,The Great Beauty,False
183662,1,2.9,1.8934599451043912,0.0,0.0,Crush,False
184314,1,3.15,2.4708941821172568,0.0,0.0,Young & Beautiful,False
187541,1,3.15,0.9660628899202128,0.0,0.0,Call Me Crazy: A Five Film,False
191720,1,4.05,1.822033226184544,0.0,0.0,Jodorowsky's Dune,False
192040,1,4.4,1.5043300315280943,0.0,0.0,Planet Earth,False
212756,1,2.3,1.0876221173682066,0.0,0.0,Stay,False
192102,1,3.0,2.8826262274610386,0.6304735670197567,0.199951171875,3 Days to Kill,False
193687,1,2.8,1.6688156395532836,0.0,0.0,Z for Zachariah,False
198184,1,3.3,3.4080526637631245,0.7564050478266238,0.0,Chappie,False
201085,1,3.2,2.6021476126235297,0.3058767499352645,0.0,Crimson Peak,False
204349,1,2.5,1.976855368417114,0.0,0.0,Contracted,False
206487,1,3.65,2.353677747254712,-0.6061358035703156,0.0,Predestination,False
207774,1,2.55,1.5555201244425605,0.0,0.0,The Borderlands,False
209112,1,2.85,3.4479498839063054,1.2507726393895389,0.0,Batman v Superman: Dawn of Justice,False
209406,1,3.0,1.7486503125342114,0.0,0.0,The Right Kind of Wrong,False
28324,1,2.4,1.6070719156699027,0.0,0.0,Emmanuelle and the Last Cannibals,False
26280,1,3.85,1.896425143539536,0.0,0.0,I Killed My Mother,False
28170,1,3.0,0.8820048304835152,0.0,0.0,The Gore Gore Girls,False
9793,1,2.6,1.7154743595987467,0.0,0.0,The Hills Have Eyes 2,False
9812,1,3.5,1.4612455134115945,0.0,0.0,Thursday,False
9825,1,2.75,2.62373395262512,0.7449383750487399,0.0,Lake Placid,False
9842,1,2.8,2.37263033054953,-0.11610868191926026,0.0,School for Scoundrels,False
9867,1,3.25,1.5162406787859926,0.0,0.0,The Go-Getter,False
9927,1,2.8,2.26233678804912,0.0,0.0,The Ringer,False
9964,1,3.2,2.0027763217842898,0.0,0.0,Bad Taste,False
9967,1,3.1,2.301291456607194,0.0,0.0,Uncommon Valor,False
9982,1,2.8,2.9223337650560177,0.7401346573723805,0.0,Chicken Little,False
10029,1,3.1,2.344906091446316,-1.108823041428119,0.0,Very Bad Things,False
10035,1,2.8,1.6363791169968211,0.0,0.0,100 Girls,False
10056,1,3.1,1.809441221607193,0.0,0.0,Killer's Kiss,False
10110,1,3.65,2.324435230552864,-0.4535142269195443,0.0,Empire of the Sun,False
10116,1,3.2,1.4860473841366817,0.0,0.0,Shinobi: Heart Under Blade,False
10141,1,3.5,1.915191703258444,0.0,0.0,Dirty Rotten Scoundrels,False
10200,1,2.6,2.2262786135856407,1.0694145661044514,0.0,The Day the Earth Stood Still,False
10220,1,3.45,2.1728697243653117,0.6471860484031224,0.0,Rounders,False
10236,1,3.55,2.593611267697816,0.0,0.0,The Way We Were,False
10312,1,3.5,2.5274719239130023,1.3976936516248175,0.0,Patch Adams,False
10322,1,3.85,2.5112755801495563,0.0,0.0,Being There,False
10354,1,3.15,2.4510607000147804,0.0,0.0,True Crime,False
10410,1,3.05,1.6149272185874677,0.0,0.0,Hoffa,False
9801,1,3.05,2.052605915725748,-0.218080888246756,0.0,Bridget Jones: The Edge of Reason,False
9767,1,2.8,1.8448566938879032,1.3717647288484909,0.0,The Break-Up,False
10448,1,3.1,1.9713475713141024,-4.182946294064973,0.0,Rapa Nui,False
9739,1,3.2,2.453253946865715,1.0262036150284013,0.0,Demolition Man,False
9092,1,3.0,1.522608191671252,0.0,0.7998046875,Snow White: A Tale of Terror,False
9092,1,3.0,1.522608191671252,0.0,0.35009765625,Snow White: A Tale of Terror,True
9272,1,3.1,2.063540030126989,0.9612973440680264,0.0,The Good Son,False
9290,1,2.35,1.8931699437351663,0.6231070029873045,0.0,Crocodile Dundee in Los Angeles,False
9294,1,3.1,1.718470238736964,1.5583839446688068,0.0,Phenomenon,False
9299,1,3.6,1.9616305056314447,0.0,0.0,Thesis,False
9316,1,3.5,2.066756424705711,0.0,0.0,Ong-Bak: The Thai Warrior,False
9325,1,3.55,3.1287518852409884,3.9408223543094345,0.0,The Jungle Book,False
9396,1,2.75,2.191493184236172,0.0,0.0,Crocodile Dundee II,False
9445,1,3.1,2.731292266222136,0.0,0.0,Apt Pupil,False
9502,1,3.45,2.8271681083838653,1.5809506847744592,0.0,Kung Fu Panda,False
9503,1,3.25,1.9864990192613496,0.0,1.0,Pope Joan,False
9548,1,3.1,1.344156136164952,-0.8751395344042805,0.0,The Adventures of Ford Fairlane,False
9557,1,2.35,1.8741557128541224,-0.8455555124905806,0.0,Boat Trip,False
9568,1,2.55,1.1120114509378711,0.0,0.0,The Dentist,False
9594,1,2.65,1.887168280531769,0.6965652323596405,0.0,Double Impact,False
9618,1,3.05,2.0158706855367745,0.1422665344894418,0.0,Tango & Cash,False
9636,1,3.0,2.0196117835630343,0.0,0.0,Control,False
9651,1,2.35,2.4792804356189917,-0.8953376461609361,0.0,Supergirl,False
9676,1,2.85,1.8728127430306685,-0.017935850009646825,0.0,The Black Dahlia,False
9715,1,2.9,1.8786677853515408,0.0,0.0,Hope Floats,False
10440,1,3.55,2.190468920296435,-0.17916317196870032,0.0,Manhattan Murder Mystery,False
10466,1,3.1,1.953717308010538,1.7047417467637471,0.0,The Money Pit,False
27902,1,2.4,1.8883368760639625,0.0,0.0,Love Wrecked,False
11209,1,3.25,1.5556488746894217,-0.4180438903150245,0.0,The Alamo,False
11228,1,2.9,2.484556505161191,0.6882129585336473,0.7998046875,Daylight,False
11228,1,2.9,2.484556505161191,0.6882129585336473,0.35009765625,Daylight,True
11228,1,2.9,2.484556505161191,0.6882129585336473,1.2998046875,Daylight,True
11240,1,3.3,1.0271173610763191,1.0475413277837682,0.0,My Beautiful Laundrette,False
11243,1,2.7,1.0472038999381612,0.0,0.0,The Care Bears Movie,False
11282,1,3.3,2.121555301511912,0.9781969582283312,1.5,Harold & Kumar Go to White Castle,False
11330,1,3.55,1.4367253213041542,0.0,0.0,Pusher III: I'm the Angel of Death,False
11361,1,2.65,1.884855836720844,0.8452031537345648,0.300048828125,Halloween 5: The Revenge of Michael Myers,False
11371,1,3.35,2.6907000200997406,0.04415596946775315,0.0,The Score,False
11422,1,3.15,2.3829253256334093,0.0,0.0,Midway,False
11465,1,3.0,1.2816338781597685,0.0,0.7998046875,Great Balls of Fire!,False
11465,1,3.0,1.2816338781597685,0.0,0.35009765625,Great Balls of Fire!,True
11465,1,3.0,1.2816338781597685,0.0,1.2998046875,Great Balls of Fire!,True
11548,1,3.15,2.4416662819700496,0.0,0.0,Batteries not Included,False
11583,1,3.3,1.6852514435805526,0.0,-0.60009765625,The First Great Train Robbery,False
11620,1,3.5,2.471566818563117,1.2909841813155658,0.0,Quo Vadis,False
11659,1,4.0,1.7984041775096238,0.0,0.0,The Best of Youth,False
11675,1,2.85,2.1539769581804906,1.1748784261052119,0.0,Halloween: H20,False
11824,1,3.0,2.392431007217922,0.0,0.0,Teen Wolf,False
11842,1,3.45,1.7334617006876214,0.0,0.0,Red Sun,False
11878,1,4.0,2.333471945025789,0.0,0.0,Yojimbo,False
11217,1,2.55,1.883446426414925,-0.5302973058305851,0.0,Club Dread,False
11198,1,3.15,2.0902643878204152,0.0,0.0,City Hunter,False
10514,1,3.5,2.4052547615679245,0.6440024266079094,0.0,The Andromeda Strain,False
11194,1,3.8,2.0273613588293804,0.0,0.0,Touching the Void,False
10525,1,3.05,2.787276883610065,0.0,0.0,Forget Paris,False
10549,1,3.65,2.301993718166417,0.0,0.0,Hamlet,False
10652,1,3.25,2.51556622136515,0.0,0.0,Hamburger Hill,False
10692,1,3.4,2.309825617020965,0.0,0.60009765625,Henry: Portrait of a Serial Killer,False
10744,1,3.35,2.36972426076673,0.0,0.0,The Cooler,False
10759,1,2.45,1.2014594484916263,0.0,0.0,The Comebacks,False
10779,1,3.35,2.492458065940834,-0.02159088126964712,0.0,The Frighteners,False
10805,1,2.35,1.5811766999587034,1.0816922209839746,0.0,Staying Alive,False
10808,1,2.45,2.0677083512265657,0.9225814409509412,0.300048828125,Dr. Dolittle 2,False
10836,1,3.2,1.7916969672748486,0.0,0.0,Dagon,False
10849,1,3.65,1.8137976676673024,-0.34424461679839946,0.0,The Purple Rose of Cairo,False
10868,1,3.4,2.5671716555576984,0.0,0.0,The Accused,False
10873,1,3.3,2.540929089950395,0.03428269986281498,0.0,Shadow of the Vampire,False
10874,1,3.25,1.9318725093814648,0.0,0.0,Muppet Treasure Island,False
10949,1,3.75,1.8019828651058063,0.0,0.0,Oliver Twist,False
10957,1,3.25,2.283064295979981,-0.16069978514466496,0.0,The Black Cauldron,False
11001,1,3.05,1.829283872666308,0.5942486472320638,0.0,Blue Streak,False
11006,1,3.4,2.0391038048878785,0.0,0.0,Smokey and the Bandit,False
11017,1,3.1,1.8928281882882096,0.9741344175283976,0.0,Billy Madison,False
11074,1,2.7,2.5945766413014044,0.0,0.0,Striking Distance,False
11086,1,3.3,2.0873705240532647,-0.6572021792614166,0.0,The Majestic,False
9092,1,3.0,1.522608191671252,0.0,1.2998046875,Snow White: A Tale of Terror,True
9060,1,3.2,1.2185435337879138,0.0,0.0,Dumplings,False
8983,1,3.15,0.7999667812353236,0.0,0.0,Felidae,False
1050,1,3.4,1.472319293399545,0.0,0.0,Shower,False
1413,1,3.3,1.8744104646673845,0.0,1.849609375,M. Butterfly,False
1413,1,3.3,1.8744104646673845,0.0,0.300048828125,M. Butterfly,True
1439,1,3.2,2.870744848494025,0.0,0.0,Anna and the King,False
1537,1,2.95,2.056508068396218,0.7465380047042004,0.0,Changing Lanes,False
1544,1,3.5,1.793253519245953,0.0,0.0,Imagine Me & You,False
1598,1,3.5,2.332409393968265,1.6503056201952035,0.0,Cape Fear,False
1621,1,3.55,2.65921367585812,0.8004762007904438,0.0,Trading Places,False
1622,1,3.45,1.0128060034454451,0.0,0.0,Lemming,False
1770,1,3.4,1.9063075001167025,-0.5048908882461762,0.0,Michael Collins,False
1781,1,3.35,1.8998549913436265,3.8339101011523113,0.0,An Inconvenient Truth,False
1832,1,3.4,2.146993642421568,1.120141855318321,0.0,Dogma,False
1893,1,3.2,2.750412832232183,2.084123561724031,0.0,Star Wars: Episode I - The Phantom Menace,False
1996,1,2.75,2.570805178625092,0.4992135459020491,0.0,Lara Croft Tomb Raider: The Cradle of Life,False
2039,1,3.35,2.5554653724676166,0.0,0.0,Moonstruck,False
2089,1,2.25,1.6498815313793451,0.0,0.0,Cutaway,False
2363,1,3.3,0.9577566150536084,0.0,0.0,Les Cousins,False
2454,1,3.15,2.5249996586627743,0.6233239954103718,0.0,The Chronicles of Narnia: Prince Caspian,False
2588,1,3.45,1.5046250245785713,0.0,0.0,Chaotic Ana,False
2610,1,2.85,1.4699565107037351,0.11934762665644966,0.0,Shopgirl,False
3011,1,2.5,1.1983656133718286,0.0,0.0,Good Neighbor Sam,False
3023,1,3.35,1.3874834039282251,0.0,0.0,Abbott and Costello Meet Dr. Jekyll and Mr. Hyde,False
1279,1,3.45,0.9540946726484804,0.0,0.0,Samaritan Girl,False
1023,1,3.7,1.7991543925923896,0.0,0.0,Adam's Apples,False
8954,1,3.3,1.4744515189518796,0.0,0.0,Reservation Road,False
984,1,3.7,2.3277961077761447,2.196557688348516,0.0,Dirty Harry,False
149,1,3.9,2.3877454829636733,-2.671529644515892,0.0,Akira,False
218,1,3.7,2.959771465132748,2.5051585225635447,0.0,The Terminator,False
248,1,3.65,0.9744105722843176,0.5447271754416719,0.0,Pocketful of Miracles,False
258,1,3.6,2.4828228134417216,0.0,0.0,Bed and Board,False
301,1,3.8,2.383923852736833,0.0,0.0,Rio Bravo,False
303,1,3.9,2.3160057319900176,2.5040857984480374,0.0,Notorious,False
307,1,3.95,1.8132236239195167,0.0,0.0,"Rome, Open City",False
327,1,3.4,2.0961172263591954,0.23967285326542026,0.0,Brother,False
395,1,2.8,2.5365661062966853,0.8942429590381314,0.0,AVP: Alien vs. Predator,False
451,1,3.55,2.3352482948977205,2.627081138568543,0.0,Leaving Las Vegas,False
626,1,3.75,1.8003015482338218,0.0,0.0,Un chien andalou,False
676,1,3.3,2.4353126125992137,1.1658724265054523,0.0,Pearl Harbor,False
707,1,3.0,2.5526274458633242,1.625494709329754,0.0,A View to a Kill,False
745,1,3.85,2.9150193288217694,2.822578006463023,0.0,The Sixth Sense,False
800,1,3.95,1.2707025167993762,0.0,0.0,Los Olvidados,False
829,1,3.95,2.50897060953302,1.6094379124341005,0.0,Chinatown,False
842,1,3.2,2.3132952341281614,0.0,0.0,The Assassination of Richard Nixon,False
858,1,3.25,2.325805305061419,2.3839451040709165,1.75,Sleepless in Seattle,False
866,1,3.6,2.7427481378013625,1.5413008689076182,0.0,Finding Neverland,False
871,1,3.75,2.8783541684021836,1.7505610269445222,0.0,Planet of the Apes,False
946,1,4.05,1.0836783301462436,0.0,0.0,Letter from an Unknown Woman,False
3036,1,3.05,2.6594027367506747,0.9118925942305252,0.0,Mary Shelley's Frankenstein,False
3049,1,3.2,2.4201865121591526,1.9668083104885488,0.0,Ace Ventura: Pet Detective,False
3109,1,3.65,2.170468242290343,0.0,0.64990234375,The Quiet Man,False
3513,1,2.6,1.7836199328964468,0.0,0.0,Legionnaire,False
6145,1,3.55,2.3138838212813453,0.0,0.0,Fracture,False
6341,1,2.95,2.347211457712342,0.6540602802715051,0.0,Blue Thunder,False
6557,1,3.05,2.3362328057886974,1.675595865333926,0.0,27 Dresses,False
6641,1,2.95,1.7281447878857237,0.0,0.0,Love and Other Disasters,False
6643,1,2.9,1.0695448956652651,0.0,0.0,The Unforgiven,False
6933,1,2.35,2.407348540442118,0.0,0.0,One Missed Call,False
7303,1,2.8,1.9867694914495564,1.0354897697785177,0.0,Maid in Manhattan,False
7305,1,3.35,2.1589787754691248,0.13796437663453312,0.0,Alive,False
7509,1,3.35,0.7588759305939979,0.0,0.0,Water,False
7553,1,3.1,1.6202629101595996,1.8265735858711192,0.0,Waiting...,False
7916,1,1.55,1.5780250544930217,0.0,0.0,Far Cry,False
8073,1,3.75,1.7313346087080037,0.4212126838259984,0.0,Band of Outsiders,False
8094,1,3.7,1.7450018380632406,0.0,0.0,The Magdalene Sisters,False
8288,1,3.25,2.4170490265200137,0.0,0.0,A Midsummer Night's Sex Comedy,False
8293,1,3.5,2.384588769019436,0.0,0.0,Howards End,False
8374,1,3.6,2.5223556019917144,-5.282739336584719,0.0,The Boondock Saints,False
8447,1,3.15,0.7662396372523421,0.0,0.0,Angels and Insects,False
8489,1,3.35,2.2303481079134437,-0.19874930782686795,0.0,Ali,False
8584,1,3.1,2.3329631711878625,0.03452974522987801,0.0,Shanghai Noon,False
8665,1,3.05,2.043648935846424,-1.0450061399912571,0.0,K-19: The Widowmaker,False
8838,1,3.0,1.893811116614188,0.0,0.0,Mercury Rising,False
5916,1,3.5,2.30633734448525,2.8650529181609268,0.0,The Getaway,False
5871,1,3.5,0.7487725031491604,0.0,0.0,The World is Big and Salvation Lurks Around the Corner,False
5825,1,3.55,2.2826450042504742,0.9713399269906106,0.0,National Lampoon's Christmas Vacation,False
4883,1,2.95,2.1514219128090937,0.0,0.0,Ten Little Indians,False
3525,1,3.25,2.1185365257757045,1.3042088354268095,0.0,Working Girl,False
3767,1,3.8,1.5177773446863592,0.0,1.849609375,Gilda,False
3767,1,3.8,1.5177773446863592,0.0,0.300048828125,Gilda,True
4204,1,3.0,0.8445119834330764,0.0,0.0,$5 a Day,False
4369,1,3.75,0.9585525852998794,0.0,0.0,Just a Question of Love,False
4546,1,3.05,1.5985955458353234,0.0,0.0,The Count of Monte-Cristo,False
4710,1,3.8,1.3282957414646954,0.0,0.0,Masculin Féminin,False
4728,1,3.05,1.4731729584613598,0.0,0.0,The Gendarme in New York,False
4823,1,2.7,1.4899942486978386,0.0,0.0,Final Analysis,False
4912,1,3.3,2.4275486866276457,0.09572842566066483,0.0,Confessions of a Dangerous Mind,False
5651,1,2.8,0.8510065461311527,0.0,0.0,Up!,False
4912,1,3.3,2.4275486866276457,0.09572842566066483,0.0,Confessions of a Dangerous Mind,True
4912,1,3.3,2.034160008808461,0.09572842566066483,0.0,Confessions of a Dangerous Mind,True
4912,1,3.3,2.034160008808461,0.09572842566066483,0.0,Confessions of a Dangerous Mind,True
4953,1,3.1,1.57870897785466,0.0,0.0,Be Kind Rewind,False
4958,1,3.2,2.20109308500217,-0.7067536552188021,0.0,The Legend of Bagger Vance,False
4984,1,3.1,0.9479804659503788,0.0,0.0,White Lightning,False
5205,1,3.5,1.7692382599342602,0.0,0.0,Pumping Iron,False
5237,1,3.35,2.465909932658965,0.0,0.0,Dust Devil,False
5558,1,3.7,0.8867947716580092,0.0,0.0,The Phantom of Liberty,False
11889,1,3.1,1.086846003300499,0.0,0.0,Iris,False
11895,1,2.35,1.7249746938159292,0.0,0.0,Police Academy 6: City Under Siege,False
11896,1,3.0,1.8830257258098988,1.4199358718449973,0.0,Throw Momma from the Train,False
20853,1,3.25,0.9064391641437493,0.0,0.0,Detective Story,False
20875,1,3.75,1.1972677757780366,0.0,0.0,Operation Y and Other Shurik's Adventures,False
20942,1,3.35,1.043720950128686,0.0,0.0,House of Bamboo,False
20978,1,2.7,0.9157798013713926,0.0,0.0,My Father the Hero,False
21035,1,3.5,1.3791604753591094,0.0,0.0,Turkish Delight,False
21042,1,3.35,1.0803074391425913,0.0,0.0,When Father Was Away on Business,False
21366,1,3.0,0.7569263509637095,0.0,0.0,Journey Into Fear,False
21373,1,1.85,0.9947144065438684,0.0,0.0,Descent,False
21452,1,3.75,1.3439250764133326,0.0,0.0,Detective Conan: The Fourteenth Target,False
21755,1,3.4,2.076076636731747,-1.2854063120469712,0.0,The Brothers Bloom,False
21765,1,2.3,1.8833513811980425,0.0,0.0,Good Boy!,False
21778,1,3.1,2.249421418957553,-0.2373886829652969,0.0,RRRrrrr!!!,False
21799,1,2.7,1.6825049000942829,0.0,0.0,Cutting Class,False
21915,1,2.8,0.9335906220918508,0.0,0.0,Booty Call,False
22010,1,3.5,0.9561658462448605,0.0,0.0,Grass,False
22051,1,3.45,1.946442007593483,0.0,0.0,Adam,False
22175,1,2.3,2.6807686885337283,0.0,0.7998046875,The Shortcut,False
22175,1,2.3,2.6807686885337283,0.0,0.35009765625,The Shortcut,True
22175,1,2.3,2.6807686885337283,0.0,1.2998046875,The Shortcut,True
22244,1,3.3,1.4939924924240544,0.0,0.0,Society,False
22293,1,1.0,0.9401076440776696,0.0,0.0,Manos: The Hands of Fate,False
22649,1,3.1,0.8801208163018406,1.8325814637483104,0.0,A Farewell to Arms,False
20859,1,2.55,0.8157589833765663,0.0,0.0,Blown Away,False
20766,1,3.4,2.705252825426045,-0.1466417808466186,0.0,The Road,False
18509,1,1.95,1.8483415781473305,0.0,0.0,Caddyshack II,False
20416,1,2.85,2.352056072974838,0.0,0.5,The Deep,False
18585,1,3.05,1.5266278792449386,0.0,0.0,The Ramen Girl,False
18644,1,3.25,1.5574970399920829,0.0,0.0,King Creole,False
18670,1,3.15,1.0807656471838436,0.0,0.0,Legend of the Red Dragon,False
18767,1,2.95,2.4307014004737737,0.0,0.0,Island of Fire,False
18781,1,3.0,2.3798923704797468,0.0,0.0,The Haunting in Connecticut,False
18901,1,3.95,1.0064165871705733,0.0,0.0,The Pinchcliffe Grand Prix,False
18926,1,3.4,1.0767633290613985,0.0,0.0,Boomerang!,False
19017,1,3.35,0.8391232534313122,0.0,0.0,Dirty Mary Crazy Larry,False
19026,1,3.75,1.6554877539180846,0.0,0.0,Azur & Asmar: The Princes' Quest,False
19114,1,2.5,1.755516385200478,0.0,0.0,Endless Love,False
19123,1,3.55,1.7171479857183785,0.0,0.85009765625,Knock on Wood,False
19123,1,3.55,1.7171479857183785,0.0,1.9501953125,Knock on Wood,True
19405,1,3.3,1.4340587612780185,1.4920239336678442,0.0,Recess: School's Out,False
19457,1,3.0,2.4125494646247296,0.0,0.0,The Yards,False
19489,1,2.45,0.8700863616561009,0.0,0.0,Held Up,False
19592,1,2.85,2.050811587924943,0.0,0.0,Dead Birds,False
19933,1,3.4,1.8945252715267864,0.0,0.0,The Brave Little Toaster,False
19959,1,2.95,2.785747822748149,0.4256334528352968,0.0,Surrogates,False
20178,1,3.25,1.6922442439328111,-3.5208258691176866,0.0,World's Greatest Dad,False
20246,1,3.5,1.9095127266632936,0.0,0.0,The Stranger,True
20379,1,3.15,2.3751252653631365,0.0,0.0,Grand Prix,False
22649,1,3.1,0.8801208163018406,1.8325814637483104,0.60009765625,A Farewell to Arms,True
22649,1,3.1,0.6495593855707049,1.8325814637483104,0.0,A Farewell to Arms,True
22649,1,3.1,0.6495593855707049,1.8325814637483104,0.60009765625,A Farewell to Arms,True
22682,1,3.3,1.1034787614907635,0.0,0.0,How to Succeed in Business Without Really Trying,False
25562,1,3.0,2.2930216083062502,0.0,0.0,Soapdish,False
26018,1,3.6,1.1915703103768562,0.0,0.0,Food Matters,False
26044,1,2.25,1.2841101844409724,0.0,0.0,Arthur 2: On the Rocks,False
26203,1,3.15,1.0995518471447758,0.0,0.0,Blink,False
26255,1,2.7,2.1232838903348554,0.0,0.0,Love Potion No. 9,False
85,1,3.85,2.9907989245745097,3.0755851452611025,1.0,Raiders of the Lost Ark,False
26352,1,3.0,1.105762001779971,1.0781516569344851,0.0,A Low Down Dirty Shame,False
26505,1,2.65,2.2621259493021326,0.0,0.0,Arthur and the Revenge of Maltazard,False
26550,1,2.9,2.677947356229641,0.0,0.0,Little Lips,False
26555,1,2.15,1.4060609583552308,-0.1977584143465667,0.0,Club Paradise,False
26719,1,3.5,1.7092589937160332,0.0,0.0,House of Games,False
26866,1,3.2,1.1271838723781715,0.0,0.0,Swords of Blood,False
26956,1,3.0,1.2089042248592374,0.0,0.0,Puppet Master III Toulon's Revenge,False
27064,1,3.85,2.1508122172819184,-2.2970842504087257,0.0,Mishima: A Life in Four Chapters,False
27117,1,3.65,0.7583392380960747,0.0,0.0,Sherlock Holmes and the Voice of Terror,False
27376,1,3.05,1.4513847611942632,0.0,0.0,Muscle Beach Party,False
27420,1,2.5,0.9519906388724624,0.0,0.0,Graduation Day,False
27429,1,3.15,2.4458769717196884,0.0,0.0,Shivers,False
27526,1,3.05,1.7503230498764055,0.0,0.0,The Crossing Guard,False
27759,1,3.25,1.0894131056327705,-0.5306282510621704,0.0,55 Days at Peking,False
27786,1,2.35,0.9576798615428652,0.0,0.0,Steel Dawn,False
25556,1,3.05,1.154224526311988,0.0,0.0,The Land Before Time IX: Journey to the Big Water,False
25541,1,3.55,0.9508509865573684,0.0,0.0,Brotherhood,False
25541,1,3.55,0.9508509865573684,0.0,0.0,Brotherhood,True
24124,1,3.1,2.190817093183615,0.0,0.0,The Burning,False
22821,1,2.9,2.0858519510311617,0.2841747728107312,0.0,The Boondock Saints II: All Saints Day,False
22832,1,3.1,2.215271524894736,0.4131413535378557,0.0,Ninja Assassin,False
22855,1,3.35,2.1486022157538125,0.0,0.0,Superman/Batman: Public Enemies,False
22999,1,3.2,1.2820498891202607,0.0,0.0,The Flying Deuces,False
23728,1,3.15,2.460810744549048,0.0,0.0,Our Man Flint,False
23847,1,3.45,1.7784692103529922,0.0,0.0,Across 110th Street,False
24016,1,3.2,2.6245415551087867,-2.4888741900772002,0.0,The Sheltering Sky,False
24020,1,2.55,1.0225714240396928,0.0,0.0,Johnny Tsunami,False
24086,1,3.0,1.332886200399269,0.0,0.0,The Boy Who Could Fly,False
24150,1,2.55,2.013676535383408,0.9662603145417896,0.0,Halloween II,False
25541,1,3.55,0.9508509865573684,0.0,0.0,Brotherhood,True
24619,1,2.95,1.7986587808148826,0.0,0.0,Blind Horizon,False
24650,1,3.45,1.58247711445499,0.0,0.0,The Fountainhead,False
24798,1,3.05,1.131069798216644,0.0,0.0,True Stories,False
25001,1,3.0,2.10907837485747,0.0,0.0,Hanky Panky,False
25462,1,3.3,0.8305724820714219,0.0,0.0,Two Can Play That Game,False
25466,1,3.0,1.783694366881056,0.0,0.0,Mutant Action,False
25501,1,3.25,1.9945899670007703,0.0,0.0,"After Dark, My Sweet",False
25504,1,3.25,2.25348728150603,0.0,0.0,Shock Corridor,False
25541,1,3.55,0.9508509865573684,0.0,0.0,Brotherhood,True
18570,1,3.65,1.9361414474208456,0.0,0.0,"Food, Inc.",False
18500,1,2.6,0.9915818609644418,0.0,0.0,The Sandlot 2,False
11909,1,3.85,1.38394986493527,0.0,0.0,Bullet in the Head,False
13279,1,2.95,2.628835550494772,0.3235327383695671,0.0,Lakeview Terrace,False
13368,1,3.45,1.9056023080497693,0.0,0.0,White Christmas,False
13372,1,3.45,1.023239825074262,0.0,0.0,Outfoxed: Rupert Murdoch's War on Journalism,False
13461,1,2.05,1.6595875330760803,0.0,0.0,Melissa P.,False
13510,1,3.35,2.5269626825697338,0.0,0.0,Eden Lake,False
13536,1,2.85,1.3617495876007852,-0.5783055777899431,0.0,City By The Sea,False
13551,1,3.2,1.3934618630980156,0.0,0.0,The Dead Girl,False
13757,1,3.15,1.9127691455279767,0.0,0.0,Melody Time,False
13785,1,3.35,1.8336765439290792,0.0,0.0,Best in Show,False
13817,1,2.9,1.2430600470339723,0.0,0.0,Head On,False
13888,1,2.6,2.18934841945383,-1.3654747822885511,0.0,Return to the Blue Lagoon,False
13936,1,3.15,2.1347991405810007,0.0,0.0,Oklahoma!,False
13942,1,2.6,1.1236534583915638,0.0,0.0,The Alphabet Killer,False
14028,1,2.5,1.1464181590555045,0.0,1.2998046875,Behind Enemy Lines III: Colombia,False
14207,1,3.0,1.9447883772473773,0.0,0.0,The Librarian: Quest for the Spear,False
14212,1,2.3,2.1334338654085188,0.0,0.0,Pulse 2: Afterlife,False
14215,1,3.05,1.3809679509493524,0.0,0.60009765625,Restraint,False
14241,1,3.45,0.7533962024357882,0.0,0.0,7 Faces of Dr. Lao,False
14317,1,2.9,1.6755531274363753,0.0,0.0,The Wild Thornberrys Movie,False
14432,1,3.1,1.1869063981600774,0.0,0.0,The Secret,False
14444,1,2.9,1.6398454805855216,1.2088775861935848,0.0,The Rugrats Movie,False
14449,1,3.1,0.9521114407889214,0.0,0.0,The Banquet,False
13318,1,3.45,1.2304776275288267,0.0,0.0,The Bothersome Man,False
13243,1,2.95,1.8287427452872969,-2.669044895762911,0.0,Meet Bill,False
18424,1,2.1,0.8182244374729098,0.0,0.0,Cloud 9,False
13199,1,3.65,1.150862175375301,0.0,0.0,American Me,False
11911,1,3.55,1.7340593792963328,0.0,0.0,Mephisto,False
11938,1,3.15,2.314996748736056,0.0,0.0,Clockwise,False
11973,1,3.45,2.3228345812173217,-0.8391345130271761,0.0,Thirteen Days,False
12117,1,3.15,1.830357552690257,0.0,0.0,Instinct,False
12118,1,2.75,1.9601018262759944,0.0,0.0,Police Academy 3: Back in Training,False
12146,1,3.05,2.194491846827134,0.0,0.0,The Missing,False
12228,1,3.4,1.1686606029792783,-1.1183747867694762,0.0,Inside Deep Throat,False
12404,1,3.3,1.2811885352480894,-2.3703621324758,0.0,Me and Orson Welles,False
12498,1,3.7,2.248729888135591,3.196389737110419,0.0,Sling Blade,False
12500,1,2.75,1.9898636011547008,2.3513461138816734,0.0,American Ninja,False
12502,1,3.45,1.5839061328415698,0.0,0.0,Silkwood,False
12521,1,2.75,1.7205793861081136,1.197232076581636,0.0,Shocker,False
12596,1,2.85,1.9563507416059056,0.0,0.0,Pushing Tin,False
12615,1,2.95,1.3390722419251095,0.0,0.0,Death of a Salesman,False
12660,1,3.05,2.4287497930457818,0.0,0.0,Charlotte Gray,False
12663,1,2.45,0.935828618247196,-1.3393058188970868,0.0,Red Scorpion,False
12720,1,3.2,2.1137888606531776,0.0,0.0,Suicide Club,False
12764,1,2.5,2.209410910322735,1.4957855764176071,0.0,Missing in Action 2: The Beginning,False
13092,1,3.1,2.4833663808492603,-0.4459226435887216,0.0,How to Lose Friends & Alienate People,False
13154,1,2.85,2.444172411833692,-1.2572166840793246,0.0,Showdown in Little Tokyo,False
13196,1,2.7,1.512190617633411,0.0,0.0,Then She Found Me,False
14536,1,2.6,2.514228530762034,1.2882272187594317,0.35009765625,New in Town,False
14536,1,2.6,2.514228530762034,1.2882272187594317,0.7998046875,New in Town,True
14536,1,2.6,2.514228530762034,1.2882272187594317,1.2998046875,New in Town,True
14576,1,3.05,1.7689098946991526,0.0,0.0,Shade,False
16380,1,3.1,1.1586971570007,0.0,0.0,When Worlds Collide,False
16551,1,2.45,1.6892908790310142,-0.2671644347300474,0.0,Rhinestone,False
16617,1,3.15,2.028150484131889,-0.24425232847507955,0.0,Mindhunters,False
16888,1,2.85,1.3231972007226709,-0.5606579975138665,0.0,The Ladies Man,False
16976,1,3.4,1.051917527607394,0.0,0.0,9 Souls,False
17043,1,2.7,1.1470039607517029,0.0,0.0,The Crocodile Hunter: Collision Course,False
17108,1,2.5,2.128952398468895,0.8284089252614593,0.0,Kung Fu Dunk,False
17166,1,2.5,0.7550209042766216,0.0,0.0,Insanitarium,False
17264,1,3.5,2.3269002685103466,2.639047885126215,0.0,The Black Stallion,False
17443,1,3.55,1.8392014233833602,0.0,0.0,...And Justice for All,False
17466,1,2.7,2.6322786921920107,1.4382632178887809,0.0,Death Warrant,False
17473,1,2.15,1.870413366797292,0.0,0.0,The Room,False
17590,1,3.35,1.3388719861002458,0.0,0.0,Deathtrap,False
17591,1,3.05,1.523000334426707,0.0,0.0,The Battle of the River Plate,False
17660,1,3.35,0.930386912249892,0.0,0.0,Dodge City,False
17710,1,2.8,1.5254691746468956,0.0,0.0,Hey Arnold! The Movie,False
17774,1,1.95,2.996780473999906,0.0,0.0,Derailed,False
17814,1,3.55,2.475008490907185,0.0,0.0,Assault on Precinct 13,False
18095,1,3.1,1.2928396338982993,0.0,0.0,Dragon Ball GT: A Hero's Legacy,False
18359,1,2.75,2.2448989870079066,0.0,,To Kill a King,False
18417,1,3.0,1.3393314140720276,0.0,-0.39990234375,The Other Sister,False
16358,1,3.2,2.475432326458606,0.0,0.0,Eulogy,False
16351,1,2.85,1.2202321026163236,0.0,0.0,Ararat,False
16300,1,2.45,2.2802672933019776,0.0,0.0,Down to Earth,False
15397,1,3.45,0.8674903276522938,0.0,1.2998046875,I Am David,False
14583,1,3.3,1.0416372697749856,0.0,0.0,Deceiver,False
14605,1,3.55,1.3719892795888269,0.0,0.0,The Ghost Breakers,False
14645,1,3.7,1.7700133946610297,0.0,0.0,Santa Claus Is a Stinker,False
14695,1,2.55,2.4489630144780943,0.0,0.0,Havoc,False
14882,1,3.1,0.8570089830001129,0.0,0.0,Hounddog,False
14905,1,3.25,2.0794156663450725,0.0,0.0,Welcome to Sarajevo,False
14943,1,3.5,1.8100401873738028,0.0,0.0,Crows Zero,False
15143,1,3.45,2.323236183772675,0.0,0.0,Some Kind of Wonderful,False
15263,1,3.1,1.7092832474038169,0.0,0.0,McLintock!,False
15660,1,3.3,1.0571880294895657,0.0,0.0,Mommie Dearest,False
16205,1,2.9,1.356584872525728,0.0,0.0,Jack Brooks: Monster Slayer,False
15677,1,3.4,1.4294798005027192,0.0,0.0,84 Charing Cross Road,False
15697,1,2.9,1.7378182863109086,0.0,0.0,Jailhouse Rock,False
15713,1,2.8,0.972750457243706,0.0,0.0,The First Star,False
15788,1,3.05,1.0073256037416087,2.407945608651872,0.0,The Bellboy,False
16082,1,3.1,1.1129020355065145,0.0,0.0,White Nights,False
16136,1,3.5,1.7133289889949173,1.3936115252601635,0.0,Juice,False
16137,1,3.35,1.5607607718772594,0.0,0.0,Fear(s) of the Dark,False
16154,1,3.3,1.4249083998988674,0.0,0.0,Let's Scare Jessica to Death,False
16175,1,2.6,2.1706629191678526,0.0,0.0,The Diary of Ellen Rimbauer,False
440249,1,2.95,1.7089729730293568,0.0,0.0,After Porn Ends 2,False
